ID,Req. Timestamp,Resp. Timestamp,Method,URL,Code,Reason,RTT,Size Resp. Header,Size Resp. Body
22,Sat Jul 29 10:06:07 CDT 2023,Sat Jul 29 10:06:07 CDT 2023,GET,https://als0184.au-csse-cpsc4970.com/8681749952098030011,404,,45,234,108
24,Sat Jul 29 10:06:07 CDT 2023,Sat Jul 29 10:06:07 CDT 2023,GET,https://als0184.au-csse-cpsc4970.com/api/2988930918016017501,404,,50,234,112
26,Sat Jul 29 10:06:07 CDT 2023,Sat Jul 29 10:06:07 CDT 2023,GET,https://als0184.au-csse-cpsc4970.com/api,404,,52,233,92
27,Sat Jul 29 10:06:07 CDT 2023,Sat Jul 29 10:06:07 CDT 2023,POST,https://als0184.au-csse-cpsc4970.com/login_handler,200,,130,177,829
28,Sat Jul 29 10:06:07 CDT 2023,Sat Jul 29 10:06:07 CDT 2023,POST,https://als0184.au-csse-cpsc4970.com/login_handler,200,,125,177,829
29,Sat Jul 29 10:06:07 CDT 2023,Sat Jul 29 10:06:07 CDT 2023,POST,https://als0184.au-csse-cpsc4970.com/login_handler,200,,135,177,829
30,Sat Jul 29 10:06:07 CDT 2023,Sat Jul 29 10:06:07 CDT 2023,POST,https://als0184.au-csse-cpsc4970.com/login_handler,200,,139,177,829
31,Sat Jul 29 10:06:07 CDT 2023,Sat Jul 29 10:06:07 CDT 2023,POST,https://als0184.au-csse-cpsc4970.com/login_handler,200,,126,177,829
32,Sat Jul 29 10:06:07 CDT 2023,Sat Jul 29 10:06:08 CDT 2023,POST,https://als0184.au-csse-cpsc4970.com/login_handler,200,,119,177,829
33,Sat Jul 29 10:06:08 CDT 2023,Sat Jul 29 10:06:08 CDT 2023,POST,https://als0184.au-csse-cpsc4970.com/login_handler,200,,146,177,829
34,Sat Jul 29 10:06:08 CDT 2023,Sat Jul 29 10:06:08 CDT 2023,POST,https://als0184.au-csse-cpsc4970.com/login_handler,200,,129,177,829
35,Sat Jul 29 10:06:08 CDT 2023,Sat Jul 29 10:06:08 CDT 2023,POST,https://als0184.au-csse-cpsc4970.com/login_handler,200,,133,177,829
36,Sat Jul 29 10:06:08 CDT 2023,Sat Jul 29 10:06:08 CDT 2023,POST,https://als0184.au-csse-cpsc4970.com/login_handler,200,,124,177,829
37,Sat Jul 29 10:06:08 CDT 2023,Sat Jul 29 10:06:08 CDT 2023,POST,https://als0184.au-csse-cpsc4970.com/login_handler,200,,141,177,829
38,Sat Jul 29 10:06:08 CDT 2023,Sat Jul 29 10:06:08 CDT 2023,POST,https://als0184.au-csse-cpsc4970.com/login_handler,200,,135,177,829
39,Sat Jul 29 10:06:08 CDT 2023,Sat Jul 29 10:06:09 CDT 2023,POST,https://als0184.au-csse-cpsc4970.com/login_handler,200,,125,177,829
40,Sat Jul 29 10:06:09 CDT 2023,Sat Jul 29 10:06:09 CDT 2023,POST,https://als0184.au-csse-cpsc4970.com/login_handler,200,,126,177,829
41,Sat Jul 29 10:06:09 CDT 2023,Sat Jul 29 10:06:09 CDT 2023,POST,https://als0184.au-csse-cpsc4970.com/login_handler,200,,147,177,829
42,Sat Jul 29 10:06:09 CDT 2023,Sat Jul 29 10:06:09 CDT 2023,POST,https://als0184.au-csse-cpsc4970.com/login_handler,200,,128,177,829
43,Sat Jul 29 10:06:09 CDT 2023,Sat Jul 29 10:06:09 CDT 2023,POST,https://als0184.au-csse-cpsc4970.com/login_handler,200,,287,177,829
44,Sat Jul 29 10:06:09 CDT 2023,Sat Jul 29 10:06:09 CDT 2023,POST,https://als0184.au-csse-cpsc4970.com/login_handler,200,,129,177,829
45,Sat Jul 29 10:06:09 CDT 2023,Sat Jul 29 10:06:09 CDT 2023,POST,https://als0184.au-csse-cpsc4970.com/login_handler,200,,124,177,829
46,Sat Jul 29 10:06:09 CDT 2023,Sat Jul 29 10:06:10 CDT 2023,POST,https://als0184.au-csse-cpsc4970.com/login_handler,200,,123,177,829
47,Sat Jul 29 10:06:10 CDT 2023,Sat Jul 29 10:06:10 CDT 2023,POST,https://als0184.au-csse-cpsc4970.com/login_handler,200,,131,177,829
48,Sat Jul 29 10:06:10 CDT 2023,Sat Jul 29 10:06:10 CDT 2023,POST,https://als0184.au-csse-cpsc4970.com/login_handler,200,,127,177,829
49,Sat Jul 29 10:06:10 CDT 2023,Sat Jul 29 10:06:10 CDT 2023,POST,https://als0184.au-csse-cpsc4970.com/login_handler,200,,131,177,829
50,Sat Jul 29 10:06:10 CDT 2023,Sat Jul 29 10:06:10 CDT 2023,POST,https://als0184.au-csse-cpsc4970.com/login_handler,200,,124,177,829
51,Sat Jul 29 10:06:10 CDT 2023,Sat Jul 29 10:06:10 CDT 2023,POST,https://als0184.au-csse-cpsc4970.com/login_handler,200,,122,177,829
52,Sat Jul 29 10:06:10 CDT 2023,Sat Jul 29 10:06:10 CDT 2023,POST,https://als0184.au-csse-cpsc4970.com/login_handler,200,,130,177,829
53,Sat Jul 29 10:06:10 CDT 2023,Sat Jul 29 10:06:11 CDT 2023,POST,https://als0184.au-csse-cpsc4970.com/login_handler,200,,121,177,829
54,Sat Jul 29 10:06:11 CDT 2023,Sat Jul 29 10:06:11 CDT 2023,POST,https://als0184.au-csse-cpsc4970.com/login_handler,200,,122,177,829
55,Sat Jul 29 10:06:11 CDT 2023,Sat Jul 29 10:06:11 CDT 2023,POST,https://als0184.au-csse-cpsc4970.com/login_handler,200,,126,177,829
56,Sat Jul 29 10:06:11 CDT 2023,Sat Jul 29 10:06:11 CDT 2023,POST,https://als0184.au-csse-cpsc4970.com/login_handler,200,,126,177,829
57,Sat Jul 29 10:06:11 CDT 2023,Sat Jul 29 10:06:11 CDT 2023,POST,https://als0184.au-csse-cpsc4970.com/login_handler,200,,115,177,829
58,Sat Jul 29 10:06:11 CDT 2023,Sat Jul 29 10:06:11 CDT 2023,POST,https://als0184.au-csse-cpsc4970.com/login_handler,200,,129,177,829
59,Sat Jul 29 10:06:11 CDT 2023,Sat Jul 29 10:06:11 CDT 2023,POST,https://als0184.au-csse-cpsc4970.com/login_handler,200,,125,177,829
60,Sat Jul 29 10:06:11 CDT 2023,Sat Jul 29 10:06:11 CDT 2023,POST,https://als0184.au-csse-cpsc4970.com/login_handler,200,,126,177,829
61,Sat Jul 29 10:06:11 CDT 2023,Sat Jul 29 10:06:12 CDT 2023,POST,https://als0184.au-csse-cpsc4970.com/login_handler,200,,140,177,829
62,Sat Jul 29 10:06:12 CDT 2023,Sat Jul 29 10:06:12 CDT 2023,POST,https://als0184.au-csse-cpsc4970.com/login_handler,200,,128,177,829
63,Sat Jul 29 10:06:12 CDT 2023,Sat Jul 29 10:06:12 CDT 2023,GET,https://als0184.au-csse-cpsc4970.com/api,404,,103,233,92
64,Sat Jul 29 10:06:12 CDT 2023,Sat Jul 29 10:06:12 CDT 2023,POST,https://als0184.au-csse-cpsc4970.com/login_handler,200,,129,177,829
65,Sat Jul 29 10:06:12 CDT 2023,Sat Jul 29 10:06:12 CDT 2023,POST,https://als0184.au-csse-cpsc4970.com/login_handler,200,,125,177,829
66,Sat Jul 29 10:06:12 CDT 2023,Sat Jul 29 10:06:12 CDT 2023,POST,https://als0184.au-csse-cpsc4970.com/login_handler,200,,123,177,829
67,Sat Jul 29 10:06:12 CDT 2023,Sat Jul 29 10:06:12 CDT 2023,POST,https://als0184.au-csse-cpsc4970.com/login_handler,200,,123,177,829
68,Sat Jul 29 10:06:12 CDT 2023,Sat Jul 29 10:06:12 CDT 2023,POST,https://als0184.au-csse-cpsc4970.com/login_handler,200,,127,177,829
69,Sat Jul 29 10:06:12 CDT 2023,Sat Jul 29 10:06:12 CDT 2023,POST,https://als0184.au-csse-cpsc4970.com/login_handler,200,,121,177,829
70,Sat Jul 29 10:06:12 CDT 2023,Sat Jul 29 10:06:13 CDT 2023,POST,https://als0184.au-csse-cpsc4970.com/login_handler,200,,133,177,829
71,Sat Jul 29 10:06:13 CDT 2023,Sat Jul 29 10:06:13 CDT 2023,POST,https://als0184.au-csse-cpsc4970.com/login_handler,200,,127,177,829
72,Sat Jul 29 10:06:13 CDT 2023,Sat Jul 29 10:06:13 CDT 2023,POST,https://als0184.au-csse-cpsc4970.com/login_handler,200,,124,177,829
73,Sat Jul 29 10:06:13 CDT 2023,Sat Jul 29 10:06:13 CDT 2023,POST,https://als0184.au-csse-cpsc4970.com/login_handler,200,,137,177,829
74,Sat Jul 29 10:06:13 CDT 2023,Sat Jul 29 10:06:13 CDT 2023,POST,https://als0184.au-csse-cpsc4970.com/login_handler,200,,125,177,829
75,Sat Jul 29 10:06:13 CDT 2023,Sat Jul 29 10:06:13 CDT 2023,POST,https://als0184.au-csse-cpsc4970.com/login_handler,200,,123,177,829
76,Sat Jul 29 10:06:13 CDT 2023,Sat Jul 29 10:06:13 CDT 2023,POST,https://als0184.au-csse-cpsc4970.com/login_handler,200,,135,177,829
77,Sat Jul 29 10:06:13 CDT 2023,Sat Jul 29 10:06:13 CDT 2023,POST,https://als0184.au-csse-cpsc4970.com/login_handler,200,,119,177,829
78,Sat Jul 29 10:06:13 CDT 2023,Sat Jul 29 10:06:14 CDT 2023,POST,https://als0184.au-csse-cpsc4970.com/login_handler,200,,136,177,829
79,Sat Jul 29 10:06:14 CDT 2023,Sat Jul 29 10:06:14 CDT 2023,POST,https://als0184.au-csse-cpsc4970.com/login_handler,200,,138,177,829
80,Sat Jul 29 10:06:14 CDT 2023,Sat Jul 29 10:06:14 CDT 2023,POST,https://als0184.au-csse-cpsc4970.com/login_handler,200,,121,177,829
81,Sat Jul 29 10:06:14 CDT 2023,Sat Jul 29 10:06:14 CDT 2023,POST,https://als0184.au-csse-cpsc4970.com/login_handler,200,,132,177,829
82,Sat Jul 29 10:06:14 CDT 2023,Sat Jul 29 10:06:14 CDT 2023,POST,https://als0184.au-csse-cpsc4970.com/login_handler,200,,129,177,829
83,Sat Jul 29 10:06:14 CDT 2023,Sat Jul 29 10:06:14 CDT 2023,POST,https://als0184.au-csse-cpsc4970.com/login_handler,200,,127,177,829
84,Sat Jul 29 10:06:14 CDT 2023,Sat Jul 29 10:06:14 CDT 2023,GET,https://als0184.au-csse-cpsc4970.com/WEB-INF/web.xml,404,,110,145,104
85,Sat Jul 29 10:06:14 CDT 2023,Sat Jul 29 10:06:14 CDT 2023,GET,https://als0184.au-csse-cpsc4970.com/?-s,200,,108,252,816
86,Sat Jul 29 10:06:14 CDT 2023,Sat Jul 29 10:06:14 CDT 2023,GET,https://als0184.au-csse-cpsc4970.com/api,404,,110,233,92
87,Sat Jul 29 10:06:14 CDT 2023,Sat Jul 29 10:06:14 CDT 2023,GET,https://als0184.au-csse-cpsc4970.com/login_handler?-s,405,,116,158,111
88,Sat Jul 29 10:06:14 CDT 2023,Sat Jul 29 10:06:14 CDT 2023,GET,https://als0184.au-csse-cpsc4970.com/?-s,200,,116,252,816
89,Sat Jul 29 10:06:14 CDT 2023,Sat Jul 29 10:06:14 CDT 2023,GET,https://als0184.au-csse-cpsc4970.com/WEB-INF/applicationContext.xml,404,,105,145,119
90,Sat Jul 29 10:06:14 CDT 2023,Sat Jul 29 10:06:14 CDT 2023,GET,https://als0184.au-csse-cpsc4970.com/login?-s,200,,102,252,816
91,Sat Jul 29 10:06:14 CDT 2023,Sat Jul 29 10:06:14 CDT 2023,GET,https://als0184.au-csse-cpsc4970.com/sitemap.xml?-s,200,,104,301,718
92,Sat Jul 29 10:06:14 CDT 2023,Sat Jul 29 10:06:14 CDT 2023,GET,https://als0184.au-csse-cpsc4970.com/api/postapi?-s,200,,108,218,2
93,Sat Jul 29 10:06:14 CDT 2023,Sat Jul 29 10:06:14 CDT 2023,GET,https://als0184.au-csse-cpsc4970.com/api/getapi?-s,200,,117,218,2
94,Sat Jul 29 10:06:14 CDT 2023,Sat Jul 29 10:06:14 CDT 2023,GET,https://als0184.au-csse-cpsc4970.com/style.css?-s,200,,115,295,1026
95,Sat Jul 29 10:06:14 CDT 2023,Sat Jul 29 10:06:15 CDT 2023,GET,https://als0184.au-csse-cpsc4970.com/WEB-INF/classes/10/860.class,404,,117,189,117
96,Sat Jul 29 10:06:15 CDT 2023,Sat Jul 29 10:06:15 CDT 2023,GET,https://als0184.au-csse-cpsc4970.com/WEB-INF/classes/web/xml.class,404,,39,189,118
97,Sat Jul 29 10:06:15 CDT 2023,Sat Jul 29 10:06:15 CDT 2023,GET,https://als0184.au-csse-cpsc4970.com/WEB-INF/classes/10/965.class,404,,39,189,117
98,Sat Jul 29 10:06:15 CDT 2023,Sat Jul 29 10:06:15 CDT 2023,GET,https://als0184.au-csse-cpsc4970.com/WEB-INF/classes/applicationContext/xml.class,404,,39,189,133
99,Sat Jul 29 10:06:24 CDT 2023,Sat Jul 29 10:06:24 CDT 2023,GET,https://als0184.au-csse-cpsc4970.com/api,404,,52,233,92
100,Sat Jul 29 10:06:24 CDT 2023,Sat Jul 29 10:06:24 CDT 2023,POST,https://als0184.au-csse-cpsc4970.com/?-d+allow_url_include%3d1+-d+auto_prepend_file%3dphp://input,405,,108,156,98
101,Sat Jul 29 10:06:24 CDT 2023,Sat Jul 29 10:06:24 CDT 2023,POST,https://als0184.au-csse-cpsc4970.com/?-d+allow_url_include%3d1+-d+auto_prepend_file%3dphp://input,405,,114,156,98
102,Sat Jul 29 10:06:24 CDT 2023,Sat Jul 29 10:06:24 CDT 2023,POST,https://als0184.au-csse-cpsc4970.com/login_handler?-d+allow_url_include%3d1+-d+auto_prepend_file%3dphp://input,400,,116,220,104
103,Sat Jul 29 10:06:24 CDT 2023,Sat Jul 29 10:06:24 CDT 2023,POST,https://als0184.au-csse-cpsc4970.com/api/getapi?-d+allow_url_include%3d1+-d+auto_prepend_file%3dphp://input,405,,104,157,108
104,Sat Jul 29 10:06:24 CDT 2023,Sat Jul 29 10:06:24 CDT 2023,POST,https://als0184.au-csse-cpsc4970.com/robots.txt?-d+allow_url_include%3d1+-d+auto_prepend_file%3dphp://input,404,,104,233,99
105,Sat Jul 29 10:06:24 CDT 2023,Sat Jul 29 10:06:24 CDT 2023,POST,https://als0184.au-csse-cpsc4970.com/login?-d+allow_url_include%3d1+-d+auto_prepend_file%3dphp://input,405,,110,157,103
106,Sat Jul 29 10:06:24 CDT 2023,Sat Jul 29 10:06:24 CDT 2023,POST,https://als0184.au-csse-cpsc4970.com/style.css?-d+allow_url_include%3d1+-d+auto_prepend_file%3dphp://input,405,,112,296,107
107,Sat Jul 29 10:06:24 CDT 2023,Sat Jul 29 10:06:24 CDT 2023,POST,https://als0184.au-csse-cpsc4970.com/api/postapi?-d+allow_url_include%3d1+-d+auto_prepend_file%3dphp://input,405,,117,157,109
108,Sat Jul 29 10:06:24 CDT 2023,Sat Jul 29 10:06:24 CDT 2023,POST,https://als0184.au-csse-cpsc4970.com/sitemap.xml?-d+allow_url_include%3d1+-d+auto_prepend_file%3dphp://input,405,,116,252,109
109,Sat Jul 29 10:06:24 CDT 2023,Sat Jul 29 10:06:24 CDT 2023,POST,https://als0184.au-csse-cpsc4970.com/api?-d+allow_url_include%3d1+-d+auto_prepend_file%3dphp://input,404,,121,233,92
110,Sat Jul 29 10:06:24 CDT 2023,Sat Jul 29 10:06:24 CDT 2023,POST,https://als0184.au-csse-cpsc4970.com/?-d+allow_url_include%3d1+-d+auto_prepend_file%3dphp://input,405,,106,156,98
111,Sat Jul 29 10:06:24 CDT 2023,Sat Jul 29 10:06:24 CDT 2023,POST,https://als0184.au-csse-cpsc4970.com/?-d+allow_url_include%3d1+-d+auto_prepend_file%3dphp://input,405,,114,156,98
112,Sat Jul 29 10:06:24 CDT 2023,Sat Jul 29 10:06:24 CDT 2023,POST,https://als0184.au-csse-cpsc4970.com/login_handler?-d+allow_url_include%3d1+-d+auto_prepend_file%3dphp://input,400,,108,220,104
113,Sat Jul 29 10:06:24 CDT 2023,Sat Jul 29 10:06:24 CDT 2023,POST,https://als0184.au-csse-cpsc4970.com/robots.txt?-d+allow_url_include%3d1+-d+auto_prepend_file%3dphp://input,404,,104,233,99
114,Sat Jul 29 10:06:24 CDT 2023,Sat Jul 29 10:06:24 CDT 2023,POST,https://als0184.au-csse-cpsc4970.com/api/getapi?-d+allow_url_include%3d1+-d+auto_prepend_file%3dphp://input,405,,109,157,108
115,Sat Jul 29 10:06:24 CDT 2023,Sat Jul 29 10:06:24 CDT 2023,POST,https://als0184.au-csse-cpsc4970.com/login?-d+allow_url_include%3d1+-d+auto_prepend_file%3dphp://input,405,,109,157,103
116,Sat Jul 29 10:06:24 CDT 2023,Sat Jul 29 10:06:24 CDT 2023,POST,https://als0184.au-csse-cpsc4970.com/sitemap.xml?-d+allow_url_include%3d1+-d+auto_prepend_file%3dphp://input,405,,105,252,109
117,Sat Jul 29 10:06:24 CDT 2023,Sat Jul 29 10:06:24 CDT 2023,POST,https://als0184.au-csse-cpsc4970.com/api/postapi?-d+allow_url_include%3d1+-d+auto_prepend_file%3dphp://input,405,,106,157,109
118,Sat Jul 29 10:06:24 CDT 2023,Sat Jul 29 10:06:24 CDT 2023,POST,https://als0184.au-csse-cpsc4970.com/style.css?-d+allow_url_include%3d1+-d+auto_prepend_file%3dphp://input,405,,113,296,107
119,Sat Jul 29 10:06:24 CDT 2023,Sat Jul 29 10:06:24 CDT 2023,POST,https://als0184.au-csse-cpsc4970.com/api?-d+allow_url_include%3d1+-d+auto_prepend_file%3dphp://input,404,,111,233,92
120,Sat Jul 29 10:06:24 CDT 2023,Sat Jul 29 10:06:24 CDT 2023,GET,https://als0184.au-csse-cpsc4970.com/api,404,,104,233,92
121,Sat Jul 29 10:06:24 CDT 2023,Sat Jul 29 10:06:24 CDT 2023,POST,https://als0184.au-csse-cpsc4970.com/login_handler,200,,126,177,829
122,Sat Jul 29 10:06:24 CDT 2023,Sat Jul 29 10:06:24 CDT 2023,POST,https://als0184.au-csse-cpsc4970.com/login_handler,200,,130,177,829
123,Sat Jul 29 10:06:24 CDT 2023,Sat Jul 29 10:06:24 CDT 2023,POST,https://als0184.au-csse-cpsc4970.com/login_handler,200,,130,177,829
124,Sat Jul 29 10:06:24 CDT 2023,Sat Jul 29 10:06:24 CDT 2023,POST,https://als0184.au-csse-cpsc4970.com/login_handler,200,,138,177,829
125,Sat Jul 29 10:06:24 CDT 2023,Sat Jul 29 10:06:25 CDT 2023,POST,https://als0184.au-csse-cpsc4970.com/login_handler,200,,226,177,829
126,Sat Jul 29 10:06:25 CDT 2023,Sat Jul 29 10:06:25 CDT 2023,POST,https://als0184.au-csse-cpsc4970.com/login_handler,200,,129,177,829
127,Sat Jul 29 10:06:25 CDT 2023,Sat Jul 29 10:06:25 CDT 2023,POST,https://als0184.au-csse-cpsc4970.com/login_handler,200,,121,177,829
128,Sat Jul 29 10:06:25 CDT 2023,Sat Jul 29 10:06:25 CDT 2023,POST,https://als0184.au-csse-cpsc4970.com/login_handler,200,,125,177,829
129,Sat Jul 29 10:06:25 CDT 2023,Sat Jul 29 10:06:25 CDT 2023,POST,https://als0184.au-csse-cpsc4970.com/login_handler,200,,136,177,829
130,Sat Jul 29 10:06:25 CDT 2023,Sat Jul 29 10:06:25 CDT 2023,POST,https://als0184.au-csse-cpsc4970.com/login_handler,200,,121,177,829
131,Sat Jul 29 10:06:25 CDT 2023,Sat Jul 29 10:06:26 CDT 2023,POST,https://als0184.au-csse-cpsc4970.com/login_handler,200,,1140,177,829
132,Sat Jul 29 10:06:26 CDT 2023,Sat Jul 29 10:06:27 CDT 2023,POST,https://als0184.au-csse-cpsc4970.com/login_handler,200,,128,177,829
133,Sat Jul 29 10:06:27 CDT 2023,Sat Jul 29 10:06:27 CDT 2023,POST,https://als0184.au-csse-cpsc4970.com/login_handler,200,,127,177,829
134,Sat Jul 29 10:06:27 CDT 2023,Sat Jul 29 10:06:27 CDT 2023,POST,https://als0184.au-csse-cpsc4970.com/login_handler,200,,143,177,829
135,Sat Jul 29 10:06:27 CDT 2023,Sat Jul 29 10:06:27 CDT 2023,POST,https://als0184.au-csse-cpsc4970.com/login_handler,200,,131,177,829
136,Sat Jul 29 10:06:27 CDT 2023,Sat Jul 29 10:06:27 CDT 2023,POST,https://als0184.au-csse-cpsc4970.com/login_handler,200,,127,177,829
137,Sat Jul 29 10:06:27 CDT 2023,Sat Jul 29 10:06:27 CDT 2023,POST,https://als0184.au-csse-cpsc4970.com/login_handler,200,,129,177,829
138,Sat Jul 29 10:06:27 CDT 2023,Sat Jul 29 10:06:27 CDT 2023,POST,https://als0184.au-csse-cpsc4970.com/login_handler,200,,122,177,829
139,Sat Jul 29 10:06:27 CDT 2023,Sat Jul 29 10:06:27 CDT 2023,GET,https://als0184.au-csse-cpsc4970.com/api,404,,110,233,92
140,Sat Jul 29 10:06:27 CDT 2023,Sat Jul 29 10:06:27 CDT 2023,POST,https://als0184.au-csse-cpsc4970.com/login_handler,200,,127,177,829
141,Sat Jul 29 10:06:27 CDT 2023,Sat Jul 29 10:06:28 CDT 2023,POST,https://als0184.au-csse-cpsc4970.com/login_handler,200,,129,177,829
142,Sat Jul 29 10:06:28 CDT 2023,Sat Jul 29 10:06:29 CDT 2023,POST,https://als0184.au-csse-cpsc4970.com/login_handler,200,,1127,177,829
143,Sat Jul 29 10:06:29 CDT 2023,Sat Jul 29 10:06:29 CDT 2023,POST,https://als0184.au-csse-cpsc4970.com/login_handler,200,,125,177,829
144,Sat Jul 29 10:06:29 CDT 2023,Sat Jul 29 10:06:29 CDT 2023,POST,https://als0184.au-csse-cpsc4970.com/login_handler,200,,133,177,829
145,Sat Jul 29 10:06:29 CDT 2023,Sat Jul 29 10:06:29 CDT 2023,POST,https://als0184.au-csse-cpsc4970.com/login_handler,200,,120,177,829
146,Sat Jul 29 10:06:29 CDT 2023,Sat Jul 29 10:06:29 CDT 2023,POST,https://als0184.au-csse-cpsc4970.com/login_handler,200,,119,177,829
147,Sat Jul 29 10:06:29 CDT 2023,Sat Jul 29 10:06:29 CDT 2023,POST,https://als0184.au-csse-cpsc4970.com/login_handler,200,,127,177,829
148,Sat Jul 29 10:06:29 CDT 2023,Sat Jul 29 10:06:29 CDT 2023,GET,https://als0184.au-csse-cpsc4970.com/api,404,,109,233,92
149,Sat Jul 29 10:06:29 CDT 2023,Sat Jul 29 10:06:30 CDT 2023,POST,https://als0184.au-csse-cpsc4970.com/login_handler,200,,151,177,829
150,Sat Jul 29 10:06:30 CDT 2023,Sat Jul 29 10:06:30 CDT 2023,POST,https://als0184.au-csse-cpsc4970.com/login_handler,200,,127,177,829
151,Sat Jul 29 10:06:30 CDT 2023,Sat Jul 29 10:06:30 CDT 2023,POST,https://als0184.au-csse-cpsc4970.com/login_handler,200,,139,177,829
152,Sat Jul 29 10:06:30 CDT 2023,Sat Jul 29 10:06:30 CDT 2023,POST,https://als0184.au-csse-cpsc4970.com/login_handler,200,,158,177,829
153,Sat Jul 29 10:06:30 CDT 2023,Sat Jul 29 10:06:30 CDT 2023,POST,https://als0184.au-csse-cpsc4970.com/login_handler,200,,129,177,829
154,Sat Jul 29 10:06:30 CDT 2023,Sat Jul 29 10:06:30 CDT 2023,POST,https://als0184.au-csse-cpsc4970.com/login_handler,200,,123,177,829
155,Sat Jul 29 10:06:30 CDT 2023,Sat Jul 29 10:06:30 CDT 2023,POST,https://als0184.au-csse-cpsc4970.com/login_handler,200,,127,177,829
156,Sat Jul 29 10:06:30 CDT 2023,Sat Jul 29 10:06:30 CDT 2023,POST,https://als0184.au-csse-cpsc4970.com/login_handler,200,,139,177,829
157,Sat Jul 29 10:06:30 CDT 2023,Sat Jul 29 10:06:31 CDT 2023,POST,https://als0184.au-csse-cpsc4970.com/login_handler,200,,121,177,829
158,Sat Jul 29 10:06:31 CDT 2023,Sat Jul 29 10:06:31 CDT 2023,POST,https://als0184.au-csse-cpsc4970.com/login_handler,200,,119,177,829
159,Sat Jul 29 10:06:31 CDT 2023,Sat Jul 29 10:06:31 CDT 2023,GET,https://als0184.au-csse-cpsc4970.com/api,404,,107,233,92
160,Sat Jul 29 10:06:31 CDT 2023,Sat Jul 29 10:06:31 CDT 2023,POST,https://als0184.au-csse-cpsc4970.com/login_handler,200,,120,177,829
161,Sat Jul 29 10:06:31 CDT 2023,Sat Jul 29 10:06:31 CDT 2023,POST,https://als0184.au-csse-cpsc4970.com/login_handler,200,,259,177,829
162,Sat Jul 29 10:06:31 CDT 2023,Sat Jul 29 10:06:31 CDT 2023,GET,https://als0184.au-csse-cpsc4970.com/,200,,100,252,816
163,Sat Jul 29 10:06:31 CDT 2023,Sat Jul 29 10:06:31 CDT 2023,GET,https://als0184.au-csse-cpsc4970.com/api,404,,102,233,92
164,Sat Jul 29 10:06:31 CDT 2023,Sat Jul 29 10:06:31 CDT 2023,GET,https://als0184.au-csse-cpsc4970.com,200,,112,252,816
165,Sat Jul 29 10:06:31 CDT 2023,Sat Jul 29 10:06:31 CDT 2023,POST,https://als0184.au-csse-cpsc4970.com/login_handler,200,,127,177,829
166,Sat Jul 29 10:06:31 CDT 2023,Sat Jul 29 10:06:31 CDT 2023,GET,https://als0184.au-csse-cpsc4970.com/login,200,,104,177,816
167,Sat Jul 29 10:06:31 CDT 2023,Sat Jul 29 10:06:31 CDT 2023,GET,https://als0184.au-csse-cpsc4970.com/style.css,200,,105,295,1026
168,Sat Jul 29 10:06:31 CDT 2023,Sat Jul 29 10:06:31 CDT 2023,GET,https://als0184.au-csse-cpsc4970.com/robots.txt,404,,107,233,99
169,Sat Jul 29 10:06:31 CDT 2023,Sat Jul 29 10:06:31 CDT 2023,GET,https://als0184.au-csse-cpsc4970.com/sitemap.xml,200,,111,301,718
170,Sat Jul 29 10:06:31 CDT 2023,Sat Jul 29 10:06:31 CDT 2023,GET,https://als0184.au-csse-cpsc4970.com/api,404,,112,233,92
171,Sat Jul 29 10:06:31 CDT 2023,Sat Jul 29 10:06:31 CDT 2023,GET,https://als0184.au-csse-cpsc4970.com/api/getapi,200,,112,143,2
172,Sat Jul 29 10:06:31 CDT 2023,Sat Jul 29 10:06:31 CDT 2023,GET,https://als0184.au-csse-cpsc4970.com/api/postapi,200,,112,143,2
173,Sat Jul 29 10:06:31 CDT 2023,Sat Jul 29 10:06:31 CDT 2023,GET,https://als0184.au-csse-cpsc4970.com/api,404,,42,233,92
174,Sat Jul 29 10:06:31 CDT 2023,Sat Jul 29 10:06:31 CDT 2023,GET,https://als0184.au-csse-cpsc4970.com/api,404,,44,233,92
175,Sat Jul 29 10:06:31 CDT 2023,Sat Jul 29 10:06:31 CDT 2023,POST,https://als0184.au-csse-cpsc4970.com/login_handler,200,,55,177,829
176,Sat Jul 29 10:06:31 CDT 2023,Sat Jul 29 10:06:32 CDT 2023,POST,https://als0184.au-csse-cpsc4970.com/login_handler,200,,63,177,829
177,Sat Jul 29 10:06:32 CDT 2023,Sat Jul 29 10:06:32 CDT 2023,POST,https://als0184.au-csse-cpsc4970.com/login_handler,200,,124,177,829
178,Sat Jul 29 10:06:32 CDT 2023,Sat Jul 29 10:06:32 CDT 2023,POST,https://als0184.au-csse-cpsc4970.com/login_handler,200,,125,177,829
179,Sat Jul 29 10:06:32 CDT 2023,Sat Jul 29 10:06:32 CDT 2023,POST,https://als0184.au-csse-cpsc4970.com/login_handler,200,,137,177,829
180,Sat Jul 29 10:06:32 CDT 2023,Sat Jul 29 10:06:32 CDT 2023,POST,https://als0184.au-csse-cpsc4970.com/login_handler,200,,126,177,829
181,Sat Jul 29 10:06:32 CDT 2023,Sat Jul 29 10:06:32 CDT 2023,POST,https://als0184.au-csse-cpsc4970.com/login_handler,200,,116,177,829
182,Sat Jul 29 10:06:32 CDT 2023,Sat Jul 29 10:06:32 CDT 2023,POST,https://als0184.au-csse-cpsc4970.com/login_handler,200,,121,177,829
183,Sat Jul 29 10:06:32 CDT 2023,Sat Jul 29 10:06:32 CDT 2023,POST,https://als0184.au-csse-cpsc4970.com/login_handler,200,,132,177,829
184,Sat Jul 29 10:06:32 CDT 2023,Sat Jul 29 10:06:33 CDT 2023,POST,https://als0184.au-csse-cpsc4970.com/login_handler,200,,130,177,829
185,Sat Jul 29 10:06:33 CDT 2023,Sat Jul 29 10:06:33 CDT 2023,POST,https://als0184.au-csse-cpsc4970.com/login_handler,200,,137,177,829
186,Sat Jul 29 10:06:33 CDT 2023,Sat Jul 29 10:06:33 CDT 2023,POST,https://als0184.au-csse-cpsc4970.com/login_handler,200,,121,177,829
187,Sat Jul 29 10:06:33 CDT 2023,Sat Jul 29 10:06:33 CDT 2023,POST,https://als0184.au-csse-cpsc4970.com/login_handler,200,,125,177,829
188,Sat Jul 29 10:06:33 CDT 2023,Sat Jul 29 10:06:33 CDT 2023,POST,https://als0184.au-csse-cpsc4970.com/login_handler,200,,142,177,829
189,Sat Jul 29 10:06:33 CDT 2023,Sat Jul 29 10:06:33 CDT 2023,POST,https://als0184.au-csse-cpsc4970.com/login_handler,200,,123,177,829
190,Sat Jul 29 10:06:33 CDT 2023,Sat Jul 29 10:06:33 CDT 2023,POST,https://als0184.au-csse-cpsc4970.com/login_handler,200,,126,177,829
191,Sat Jul 29 10:06:33 CDT 2023,Sat Jul 29 10:06:33 CDT 2023,POST,https://als0184.au-csse-cpsc4970.com/login_handler,200,,121,177,829
192,Sat Jul 29 10:06:33 CDT 2023,Sat Jul 29 10:06:34 CDT 2023,POST,https://als0184.au-csse-cpsc4970.com/login_handler,200,,138,177,829
193,Sat Jul 29 10:06:34 CDT 2023,Sat Jul 29 10:06:34 CDT 2023,POST,https://als0184.au-csse-cpsc4970.com/login_handler,200,,178,177,829
194,Sat Jul 29 10:06:34 CDT 2023,Sat Jul 29 10:06:34 CDT 2023,POST,https://als0184.au-csse-cpsc4970.com/login_handler,200,,119,177,829
195,Sat Jul 29 10:06:34 CDT 2023,Sat Jul 29 10:06:34 CDT 2023,POST,https://als0184.au-csse-cpsc4970.com/login_handler,200,,130,177,829
196,Sat Jul 29 10:06:34 CDT 2023,Sat Jul 29 10:06:34 CDT 2023,POST,https://als0184.au-csse-cpsc4970.com/login_handler,200,,137,177,829
197,Sat Jul 29 10:06:34 CDT 2023,Sat Jul 29 10:06:34 CDT 2023,POST,https://als0184.au-csse-cpsc4970.com/login_handler,200,,130,177,829
198,Sat Jul 29 10:06:34 CDT 2023,Sat Jul 29 10:06:34 CDT 2023,POST,https://als0184.au-csse-cpsc4970.com/login_handler,200,,128,177,829
199,Sat Jul 29 10:06:34 CDT 2023,Sat Jul 29 10:06:35 CDT 2023,POST,https://als0184.au-csse-cpsc4970.com/login_handler,200,,163,177,829
200,Sat Jul 29 10:06:35 CDT 2023,Sat Jul 29 10:06:35 CDT 2023,POST,https://als0184.au-csse-cpsc4970.com/login_handler,200,,125,177,829
201,Sat Jul 29 10:06:35 CDT 2023,Sat Jul 29 10:06:35 CDT 2023,POST,https://als0184.au-csse-cpsc4970.com/login_handler,200,,131,177,829
202,Sat Jul 29 10:06:35 CDT 2023,Sat Jul 29 10:06:35 CDT 2023,POST,https://als0184.au-csse-cpsc4970.com/login_handler,200,,139,177,829
203,Sat Jul 29 10:06:35 CDT 2023,Sat Jul 29 10:06:35 CDT 2023,POST,https://als0184.au-csse-cpsc4970.com/login_handler,200,,125,177,829
204,Sat Jul 29 10:06:35 CDT 2023,Sat Jul 29 10:06:35 CDT 2023,POST,https://als0184.au-csse-cpsc4970.com/login_handler,200,,132,177,829
205,Sat Jul 29 10:06:35 CDT 2023,Sat Jul 29 10:06:35 CDT 2023,POST,https://als0184.au-csse-cpsc4970.com/login_handler,200,,131,177,829
206,Sat Jul 29 10:06:35 CDT 2023,Sat Jul 29 10:06:36 CDT 2023,POST,https://als0184.au-csse-cpsc4970.com/login_handler,200,,124,177,829
207,Sat Jul 29 10:06:36 CDT 2023,Sat Jul 29 10:06:36 CDT 2023,POST,https://als0184.au-csse-cpsc4970.com/login_handler,200,,127,177,829
208,Sat Jul 29 10:06:36 CDT 2023,Sat Jul 29 10:06:36 CDT 2023,POST,https://als0184.au-csse-cpsc4970.com/login_handler,200,,130,177,829
209,Sat Jul 29 10:06:36 CDT 2023,Sat Jul 29 10:06:36 CDT 2023,POST,https://als0184.au-csse-cpsc4970.com/login_handler,200,,124,177,829
210,Sat Jul 29 10:06:36 CDT 2023,Sat Jul 29 10:06:36 CDT 2023,POST,https://als0184.au-csse-cpsc4970.com/login_handler,200,,134,177,829
211,Sat Jul 29 10:06:36 CDT 2023,Sat Jul 29 10:06:36 CDT 2023,POST,https://als0184.au-csse-cpsc4970.com/login_handler,200,,128,177,829
212,Sat Jul 29 10:06:36 CDT 2023,Sat Jul 29 10:06:36 CDT 2023,POST,https://als0184.au-csse-cpsc4970.com/login_handler,200,,125,177,829
213,Sat Jul 29 10:06:36 CDT 2023,Sat Jul 29 10:06:36 CDT 2023,POST,https://als0184.au-csse-cpsc4970.com/login_handler,200,,125,177,829
214,Sat Jul 29 10:06:36 CDT 2023,Sat Jul 29 10:06:37 CDT 2023,POST,https://als0184.au-csse-cpsc4970.com/login_handler,200,,123,177,829
215,Sat Jul 29 10:06:37 CDT 2023,Sat Jul 29 10:06:37 CDT 2023,POST,https://als0184.au-csse-cpsc4970.com/login_handler,200,,139,177,829
216,Sat Jul 29 10:06:37 CDT 2023,Sat Jul 29 10:06:37 CDT 2023,POST,https://als0184.au-csse-cpsc4970.com/login_handler,200,,125,177,829
217,Sat Jul 29 10:06:37 CDT 2023,Sat Jul 29 10:06:37 CDT 2023,POST,https://als0184.au-csse-cpsc4970.com/login_handler,200,,123,177,829
218,Sat Jul 29 10:06:37 CDT 2023,Sat Jul 29 10:06:37 CDT 2023,POST,https://als0184.au-csse-cpsc4970.com/login_handler,200,,119,177,829
219,Sat Jul 29 10:06:37 CDT 2023,Sat Jul 29 10:06:37 CDT 2023,POST,https://als0184.au-csse-cpsc4970.com/login_handler,200,,130,177,829
220,Sat Jul 29 10:06:37 CDT 2023,Sat Jul 29 10:06:37 CDT 2023,POST,https://als0184.au-csse-cpsc4970.com/login_handler,200,,121,177,829
221,Sat Jul 29 10:06:37 CDT 2023,Sat Jul 29 10:06:37 CDT 2023,POST,https://als0184.au-csse-cpsc4970.com/login_handler,200,,125,177,829
222,Sat Jul 29 10:06:37 CDT 2023,Sat Jul 29 10:06:38 CDT 2023,POST,https://als0184.au-csse-cpsc4970.com/login_handler,200,,153,177,829
223,Sat Jul 29 10:06:38 CDT 2023,Sat Jul 29 10:06:38 CDT 2023,POST,https://als0184.au-csse-cpsc4970.com/login_handler,200,,154,177,829
224,Sat Jul 29 10:06:38 CDT 2023,Sat Jul 29 10:06:38 CDT 2023,POST,https://als0184.au-csse-cpsc4970.com/login_handler,200,,124,177,829
225,Sat Jul 29 10:06:38 CDT 2023,Sat Jul 29 10:06:38 CDT 2023,POST,https://als0184.au-csse-cpsc4970.com/login_handler,200,,125,177,829
226,Sat Jul 29 10:06:38 CDT 2023,Sat Jul 29 10:06:38 CDT 2023,POST,https://als0184.au-csse-cpsc4970.com/login_handler,200,,127,177,829
227,Sat Jul 29 10:06:38 CDT 2023,Sat Jul 29 10:06:38 CDT 2023,GET,https://als0184.au-csse-cpsc4970.com/api,404,,105,233,92
228,Sat Jul 29 10:06:38 CDT 2023,Sat Jul 29 10:06:38 CDT 2023,POST,https://als0184.au-csse-cpsc4970.com/login_handler,200,,130,177,829
229,Sat Jul 29 10:06:38 CDT 2023,Sat Jul 29 10:06:38 CDT 2023,POST,https://als0184.au-csse-cpsc4970.com/login_handler,200,,133,177,829
230,Sat Jul 29 10:06:38 CDT 2023,Sat Jul 29 10:06:39 CDT 2023,POST,https://als0184.au-csse-cpsc4970.com/login_handler,200,,141,177,829
231,Sat Jul 29 10:06:39 CDT 2023,Sat Jul 29 10:06:39 CDT 2023,POST,https://als0184.au-csse-cpsc4970.com/login_handler,200,,124,177,829
232,Sat Jul 29 10:06:39 CDT 2023,Sat Jul 29 10:06:39 CDT 2023,POST,https://als0184.au-csse-cpsc4970.com/login_handler,200,,126,177,829
233,Sat Jul 29 10:06:39 CDT 2023,Sat Jul 29 10:06:39 CDT 2023,POST,https://als0184.au-csse-cpsc4970.com/login_handler,200,,139,177,829
234,Sat Jul 29 10:06:39 CDT 2023,Sat Jul 29 10:06:39 CDT 2023,POST,https://als0184.au-csse-cpsc4970.com/login_handler,200,,125,177,829
235,Sat Jul 29 10:06:39 CDT 2023,Sat Jul 29 10:06:39 CDT 2023,POST,https://als0184.au-csse-cpsc4970.com/login_handler,200,,135,177,829
236,Sat Jul 29 10:06:39 CDT 2023,Sat Jul 29 10:06:39 CDT 2023,POST,https://als0184.au-csse-cpsc4970.com/login_handler,200,,126,177,829
237,Sat Jul 29 10:06:39 CDT 2023,Sat Jul 29 10:06:39 CDT 2023,POST,https://als0184.au-csse-cpsc4970.com/login_handler,200,,129,177,829
238,Sat Jul 29 10:06:39 CDT 2023,Sat Jul 29 10:06:40 CDT 2023,POST,https://als0184.au-csse-cpsc4970.com/login_handler,200,,130,177,829
239,Sat Jul 29 10:06:40 CDT 2023,Sat Jul 29 10:06:40 CDT 2023,POST,https://als0184.au-csse-cpsc4970.com/login_handler,200,,133,177,829
240,Sat Jul 29 10:06:40 CDT 2023,Sat Jul 29 10:06:40 CDT 2023,POST,https://als0184.au-csse-cpsc4970.com/login_handler,200,,129,177,829
241,Sat Jul 29 10:06:40 CDT 2023,Sat Jul 29 10:06:40 CDT 2023,POST,https://als0184.au-csse-cpsc4970.com/login_handler,200,,123,177,829
242,Sat Jul 29 10:06:40 CDT 2023,Sat Jul 29 10:06:40 CDT 2023,GET,https://als0184.au-csse-cpsc4970.com/api,404,,110,233,92
243,Sat Jul 29 10:06:40 CDT 2023,Sat Jul 29 10:06:40 CDT 2023,POST,https://als0184.au-csse-cpsc4970.com/login_handler,200,,132,177,829
244,Sat Jul 29 10:06:40 CDT 2023,Sat Jul 29 10:06:40 CDT 2023,POST,https://als0184.au-csse-cpsc4970.com/login_handler,200,,128,177,829
245,Sat Jul 29 10:06:40 CDT 2023,Sat Jul 29 10:06:40 CDT 2023,POST,https://als0184.au-csse-cpsc4970.com/login_handler,200,,123,177,829
246,Sat Jul 29 10:06:40 CDT 2023,Sat Jul 29 10:06:40 CDT 2023,POST,https://als0184.au-csse-cpsc4970.com/login_handler,200,,134,177,829
247,Sat Jul 29 10:06:40 CDT 2023,Sat Jul 29 10:06:41 CDT 2023,POST,https://als0184.au-csse-cpsc4970.com/login_handler,200,,128,177,829
248,Sat Jul 29 10:06:41 CDT 2023,Sat Jul 29 10:06:41 CDT 2023,POST,https://als0184.au-csse-cpsc4970.com/login_handler,200,,130,177,829
249,Sat Jul 29 10:06:41 CDT 2023,Sat Jul 29 10:06:41 CDT 2023,POST,https://als0184.au-csse-cpsc4970.com/login_handler,200,,128,177,829
250,Sat Jul 29 10:06:41 CDT 2023,Sat Jul 29 10:06:41 CDT 2023,POST,https://als0184.au-csse-cpsc4970.com/login_handler,200,,126,177,829
251,Sat Jul 29 10:06:41 CDT 2023,Sat Jul 29 10:06:41 CDT 2023,POST,https://als0184.au-csse-cpsc4970.com/login_handler,200,,129,177,829
252,Sat Jul 29 10:06:41 CDT 2023,Sat Jul 29 10:06:41 CDT 2023,POST,https://als0184.au-csse-cpsc4970.com/login_handler,200,,123,177,829
253,Sat Jul 29 10:06:41 CDT 2023,Sat Jul 29 10:06:41 CDT 2023,POST,https://als0184.au-csse-cpsc4970.com/login_handler,200,,125,177,829
254,Sat Jul 29 10:06:41 CDT 2023,Sat Jul 29 10:06:42 CDT 2023,POST,https://als0184.au-csse-cpsc4970.com/login_handler,200,,125,177,829
255,Sat Jul 29 10:06:42 CDT 2023,Sat Jul 29 10:06:42 CDT 2023,GET,https://als0184.au-csse-cpsc4970.com/api,404,,104,233,92
256,Sat Jul 29 10:06:42 CDT 2023,Sat Jul 29 10:06:42 CDT 2023,POST,https://als0184.au-csse-cpsc4970.com/login_handler,200,,146,177,829
257,Sat Jul 29 10:06:42 CDT 2023,Sat Jul 29 10:06:42 CDT 2023,POST,https://als0184.au-csse-cpsc4970.com/login_handler,200,,121,177,829
258,Sat Jul 29 10:06:42 CDT 2023,Sat Jul 29 10:06:42 CDT 2023,POST,https://als0184.au-csse-cpsc4970.com/login_handler,200,,123,177,829
259,Sat Jul 29 10:06:42 CDT 2023,Sat Jul 29 10:06:42 CDT 2023,POST,https://als0184.au-csse-cpsc4970.com/login_handler,200,,130,177,829
260,Sat Jul 29 10:06:42 CDT 2023,Sat Jul 29 10:06:42 CDT 2023,POST,https://als0184.au-csse-cpsc4970.com/login_handler,200,,130,177,829
261,Sat Jul 29 10:06:42 CDT 2023,Sat Jul 29 10:06:42 CDT 2023,POST,https://als0184.au-csse-cpsc4970.com/login_handler,200,,142,177,829
262,Sat Jul 29 10:06:42 CDT 2023,Sat Jul 29 10:06:42 CDT 2023,POST,https://als0184.au-csse-cpsc4970.com/login_handler,200,,127,177,829
263,Sat Jul 29 10:06:42 CDT 2023,Sat Jul 29 10:06:43 CDT 2023,POST,https://als0184.au-csse-cpsc4970.com/login_handler,200,,116,177,829
264,Sat Jul 29 10:06:43 CDT 2023,Sat Jul 29 10:06:43 CDT 2023,POST,https://als0184.au-csse-cpsc4970.com/login_handler,200,,116,177,829
265,Sat Jul 29 10:06:43 CDT 2023,Sat Jul 29 10:06:43 CDT 2023,POST,https://als0184.au-csse-cpsc4970.com/login_handler,200,,121,177,829
266,Sat Jul 29 10:06:43 CDT 2023,Sat Jul 29 10:06:43 CDT 2023,POST,https://als0184.au-csse-cpsc4970.com/login_handler,200,,128,177,829
267,Sat Jul 29 10:06:43 CDT 2023,Sat Jul 29 10:06:43 CDT 2023,POST,https://als0184.au-csse-cpsc4970.com/login_handler,200,,120,177,829
268,Sat Jul 29 10:06:43 CDT 2023,Sat Jul 29 10:06:43 CDT 2023,GET,https://als0184.au-csse-cpsc4970.com/api,404,,106,233,92
269,Sat Jul 29 10:06:43 CDT 2023,Sat Jul 29 10:06:43 CDT 2023,POST,https://als0184.au-csse-cpsc4970.com/login_handler,200,,129,177,829
270,Sat Jul 29 10:06:43 CDT 2023,Sat Jul 29 10:06:43 CDT 2023,POST,https://als0184.au-csse-cpsc4970.com/login_handler,200,,118,177,829
271,Sat Jul 29 10:06:43 CDT 2023,Sat Jul 29 10:06:43 CDT 2023,POST,https://als0184.au-csse-cpsc4970.com/login_handler,200,,122,177,829
272,Sat Jul 29 10:06:43 CDT 2023,Sat Jul 29 10:06:44 CDT 2023,POST,https://als0184.au-csse-cpsc4970.com/login_handler,200,,135,177,829
273,Sat Jul 29 10:06:44 CDT 2023,Sat Jul 29 10:06:44 CDT 2023,POST,https://als0184.au-csse-cpsc4970.com/login_handler,200,,137,177,829
274,Sat Jul 29 10:06:44 CDT 2023,Sat Jul 29 10:06:44 CDT 2023,POST,https://als0184.au-csse-cpsc4970.com/login_handler,200,,132,177,829
275,Sat Jul 29 10:06:44 CDT 2023,Sat Jul 29 10:06:44 CDT 2023,POST,https://als0184.au-csse-cpsc4970.com/login_handler,200,,126,177,829
276,Sat Jul 29 10:06:44 CDT 2023,Sat Jul 29 10:06:44 CDT 2023,POST,https://als0184.au-csse-cpsc4970.com/login_handler,200,,118,177,829
277,Sat Jul 29 10:06:44 CDT 2023,Sat Jul 29 10:06:44 CDT 2023,POST,https://als0184.au-csse-cpsc4970.com/login_handler,200,,120,177,829
278,Sat Jul 29 10:06:44 CDT 2023,Sat Jul 29 10:06:44 CDT 2023,POST,https://als0184.au-csse-cpsc4970.com/login_handler,200,,126,177,829
279,Sat Jul 29 10:06:44 CDT 2023,Sat Jul 29 10:06:44 CDT 2023,POST,https://als0184.au-csse-cpsc4970.com/login_handler,200,,127,177,829
280,Sat Jul 29 10:06:44 CDT 2023,Sat Jul 29 10:06:45 CDT 2023,POST,https://als0184.au-csse-cpsc4970.com/login_handler,200,,121,177,829
281,Sat Jul 29 10:06:45 CDT 2023,Sat Jul 29 10:06:45 CDT 2023,GET,https://als0184.au-csse-cpsc4970.com/api,404,,124,233,92
282,Sat Jul 29 10:06:45 CDT 2023,Sat Jul 29 10:06:45 CDT 2023,POST,https://als0184.au-csse-cpsc4970.com/login_handler,200,,135,177,829
283,Sat Jul 29 10:06:45 CDT 2023,Sat Jul 29 10:06:45 CDT 2023,POST,https://als0184.au-csse-cpsc4970.com/login_handler,200,,123,177,829
284,Sat Jul 29 10:06:45 CDT 2023,Sat Jul 29 10:06:45 CDT 2023,POST,https://als0184.au-csse-cpsc4970.com/login_handler,200,,120,177,829
285,Sat Jul 29 10:06:45 CDT 2023,Sat Jul 29 10:06:45 CDT 2023,POST,https://als0184.au-csse-cpsc4970.com/login_handler,200,,129,177,829
286,Sat Jul 29 10:06:45 CDT 2023,Sat Jul 29 10:06:45 CDT 2023,POST,https://als0184.au-csse-cpsc4970.com/login_handler,200,,123,177,829
287,Sat Jul 29 10:06:45 CDT 2023,Sat Jul 29 10:06:45 CDT 2023,POST,https://als0184.au-csse-cpsc4970.com/login_handler,200,,131,177,829
288,Sat Jul 29 10:06:45 CDT 2023,Sat Jul 29 10:06:45 CDT 2023,POST,https://als0184.au-csse-cpsc4970.com/login_handler,200,,127,177,829
289,Sat Jul 29 10:06:45 CDT 2023,Sat Jul 29 10:06:46 CDT 2023,POST,https://als0184.au-csse-cpsc4970.com/login_handler,200,,132,177,829
290,Sat Jul 29 10:06:46 CDT 2023,Sat Jul 29 10:06:46 CDT 2023,POST,https://als0184.au-csse-cpsc4970.com/login_handler,200,,137,177,829
291,Sat Jul 29 10:06:46 CDT 2023,Sat Jul 29 10:06:46 CDT 2023,POST,https://als0184.au-csse-cpsc4970.com/login_handler,200,,136,177,829
292,Sat Jul 29 10:06:46 CDT 2023,Sat Jul 29 10:06:46 CDT 2023,POST,https://als0184.au-csse-cpsc4970.com/login_handler,200,,139,177,829
293,Sat Jul 29 10:06:46 CDT 2023,Sat Jul 29 10:06:46 CDT 2023,POST,https://als0184.au-csse-cpsc4970.com/login_handler,200,,126,177,829
294,Sat Jul 29 10:06:46 CDT 2023,Sat Jul 29 10:06:46 CDT 2023,POST,https://als0184.au-csse-cpsc4970.com/login_handler,200,,127,177,829
295,Sat Jul 29 10:06:46 CDT 2023,Sat Jul 29 10:06:46 CDT 2023,POST,https://als0184.au-csse-cpsc4970.com/login_handler,200,,126,177,829
296,Sat Jul 29 10:06:46 CDT 2023,Sat Jul 29 10:06:47 CDT 2023,POST,https://als0184.au-csse-cpsc4970.com/login_handler,200,,116,177,829
297,Sat Jul 29 10:06:47 CDT 2023,Sat Jul 29 10:06:47 CDT 2023,POST,https://als0184.au-csse-cpsc4970.com/login_handler,200,,126,177,829
298,Sat Jul 29 10:06:47 CDT 2023,Sat Jul 29 10:06:47 CDT 2023,POST,https://als0184.au-csse-cpsc4970.com/login_handler,200,,137,177,829
299,Sat Jul 29 10:06:47 CDT 2023,Sat Jul 29 10:06:47 CDT 2023,POST,https://als0184.au-csse-cpsc4970.com/login_handler,200,,132,177,829
300,Sat Jul 29 10:06:47 CDT 2023,Sat Jul 29 10:06:47 CDT 2023,POST,https://als0184.au-csse-cpsc4970.com/login_handler,200,,126,177,829
301,Sat Jul 29 10:06:47 CDT 2023,Sat Jul 29 10:06:47 CDT 2023,POST,https://als0184.au-csse-cpsc4970.com/login_handler,200,,124,177,829
302,Sat Jul 29 10:06:47 CDT 2023,Sat Jul 29 10:06:47 CDT 2023,GET,https://als0184.au-csse-cpsc4970.com/api,404,,108,233,92
303,Sat Jul 29 10:06:48 CDT 2023,Sat Jul 29 10:06:48 CDT 2023,GET,https://als0184.au-csse-cpsc4970.com/api,404,,119,233,92
304,Sat Jul 29 10:06:48 CDT 2023,Sat Jul 29 10:06:48 CDT 2023,POST,https://als0184.au-csse-cpsc4970.com/login_handler,200,,124,177,829
305,Sat Jul 29 10:06:48 CDT 2023,Sat Jul 29 10:06:48 CDT 2023,POST,https://als0184.au-csse-cpsc4970.com/login_handler,200,,125,177,829
306,Sat Jul 29 10:06:48 CDT 2023,Sat Jul 29 10:06:48 CDT 2023,POST,https://als0184.au-csse-cpsc4970.com/login_handler,200,,128,177,829
307,Sat Jul 29 10:06:48 CDT 2023,Sat Jul 29 10:06:48 CDT 2023,POST,https://als0184.au-csse-cpsc4970.com/login_handler,200,,136,177,829
308,Sat Jul 29 10:06:48 CDT 2023,Sat Jul 29 10:06:48 CDT 2023,POST,https://als0184.au-csse-cpsc4970.com/login_handler,200,,128,177,829
309,Sat Jul 29 10:06:48 CDT 2023,Sat Jul 29 10:06:49 CDT 2023,POST,https://als0184.au-csse-cpsc4970.com/login_handler,200,,1118,177,829
310,Sat Jul 29 10:06:49 CDT 2023,Sat Jul 29 10:06:49 CDT 2023,POST,https://als0184.au-csse-cpsc4970.com/login_handler,200,,125,177,829
311,Sat Jul 29 10:06:49 CDT 2023,Sat Jul 29 10:06:50 CDT 2023,GET,https://als0184.au-csse-cpsc4970.com?class.module.classLoader.DefaultAssertionStatus=nonsense,400,Bad Request,120,150,122
312,Sat Jul 29 10:06:49 CDT 2023,Sat Jul 29 10:06:50 CDT 2023,GET,https://als0184.au-csse-cpsc4970.com/api,404,,124,233,92
313,Sat Jul 29 10:06:49 CDT 2023,Sat Jul 29 10:06:50 CDT 2023,GET,https://als0184.au-csse-cpsc4970.com/?class.module.classLoader.DefaultAssertionStatus=nonsense,200,,123,252,816
314,Sat Jul 29 10:06:49 CDT 2023,Sat Jul 29 10:06:50 CDT 2023,GET,https://als0184.au-csse-cpsc4970.com/login_handler?class.module.classLoader.DefaultAssertionStatus=nonsense,405,,132,153,111
315,Sat Jul 29 10:06:50 CDT 2023,Sat Jul 29 10:06:50 CDT 2023,GET,https://als0184.au-csse-cpsc4970.com?aaa=bbb,400,Bad Request,111,150,122
316,Sat Jul 29 10:06:50 CDT 2023,Sat Jul 29 10:06:50 CDT 2023,GET,https://als0184.au-csse-cpsc4970.com/api/postapi?class.module.classLoader.DefaultAssertionStatus=nonsense,200,,110,143,2
317,Sat Jul 29 10:06:50 CDT 2023,Sat Jul 29 10:06:50 CDT 2023,GET,https://als0184.au-csse-cpsc4970.com/login?class.module.classLoader.DefaultAssertionStatus=nonsense,200,,111,177,816
318,Sat Jul 29 10:06:50 CDT 2023,Sat Jul 29 10:06:50 CDT 2023,GET,https://als0184.au-csse-cpsc4970.com/style.css?class.module.classLoader.DefaultAssertionStatus=nonsense,200,,115,295,1026
319,Sat Jul 29 10:06:50 CDT 2023,Sat Jul 29 10:06:50 CDT 2023,POST,https://als0184.au-csse-cpsc4970.com/,405,,117,156,98
320,Sat Jul 29 10:06:50 CDT 2023,Sat Jul 29 10:06:50 CDT 2023,GET,https://als0184.au-csse-cpsc4970.com/api/getapi?class.module.classLoader.DefaultAssertionStatus=nonsense,200,,116,143,2
321,Sat Jul 29 10:06:50 CDT 2023,Sat Jul 29 10:06:50 CDT 2023,GET,https://als0184.au-csse-cpsc4970.com/sitemap.xml?class.module.classLoader.DefaultAssertionStatus=nonsense,200,,117,301,718
322,Sat Jul 29 10:06:50 CDT 2023,Sat Jul 29 10:06:50 CDT 2023,GET,https://als0184.au-csse-cpsc4970.com/api?class.module.classLoader.DefaultAssertionStatus=nonsense,404,,118,233,92
323,Sat Jul 29 10:06:50 CDT 2023,Sat Jul 29 10:06:50 CDT 2023,GET,https://als0184.au-csse-cpsc4970.com/robots.txt?class.module.classLoader.DefaultAssertionStatus=nonsense,404,,118,233,99
324,Sat Jul 29 10:06:50 CDT 2023,Sat Jul 29 10:06:50 CDT 2023,POST,https://als0184.au-csse-cpsc4970.com/login_handler,200,,138,177,829
325,Sat Jul 29 10:06:50 CDT 2023,Sat Jul 29 10:06:50 CDT 2023,POST,https://als0184.au-csse-cpsc4970.com/login,405,,36,157,103
326,Sat Jul 29 10:06:50 CDT 2023,Sat Jul 29 10:06:50 CDT 2023,POST,https://als0184.au-csse-cpsc4970.com/api/getapi,405,,37,157,108
327,Sat Jul 29 10:06:50 CDT 2023,Sat Jul 29 10:06:50 CDT 2023,POST,https://als0184.au-csse-cpsc4970.com/style.css,405,,40,296,107
328,Sat Jul 29 10:06:50 CDT 2023,Sat Jul 29 10:06:50 CDT 2023,POST,https://als0184.au-csse-cpsc4970.com/sitemap.xml,405,,38,252,109
329,Sat Jul 29 10:06:50 CDT 2023,Sat Jul 29 10:06:50 CDT 2023,POST,https://als0184.au-csse-cpsc4970.com/api/postapi,405,,103,157,109
330,Sat Jul 29 10:06:50 CDT 2023,Sat Jul 29 10:06:50 CDT 2023,POST,https://als0184.au-csse-cpsc4970.com,405,,108,156,98
331,Sat Jul 29 10:06:50 CDT 2023,Sat Jul 29 10:06:50 CDT 2023,POST,https://als0184.au-csse-cpsc4970.com/api,404,,104,233,92
332,Sat Jul 29 10:06:50 CDT 2023,Sat Jul 29 10:06:50 CDT 2023,POST,https://als0184.au-csse-cpsc4970.com/robots.txt,404,,111,233,99
333,Sat Jul 29 10:06:50 CDT 2023,Sat Jul 29 10:06:50 CDT 2023,GET,https://als0184.au-csse-cpsc4970.com/api,404,,110,233,92
334,Sat Jul 29 10:06:50 CDT 2023,Sat Jul 29 10:06:50 CDT 2023,POST,https://als0184.au-csse-cpsc4970.com/login_handler,200,,119,177,829
335,Sat Jul 29 10:06:50 CDT 2023,Sat Jul 29 10:06:50 CDT 2023,POST,https://als0184.au-csse-cpsc4970.com/login_handler,200,,123,177,829
336,Sat Jul 29 10:06:50 CDT 2023,Sat Jul 29 10:06:50 CDT 2023,POST,https://als0184.au-csse-cpsc4970.com/login_handler,200,,125,177,829
337,Sat Jul 29 10:06:50 CDT 2023,Sat Jul 29 10:06:50 CDT 2023,POST,https://als0184.au-csse-cpsc4970.com/login_handler,200,,127,177,829
338,Sat Jul 29 10:06:50 CDT 2023,Sat Jul 29 10:06:50 CDT 2023,POST,https://als0184.au-csse-cpsc4970.com/login_handler,200,,123,177,829
339,Sat Jul 29 10:06:50 CDT 2023,Sat Jul 29 10:06:51 CDT 2023,POST,https://als0184.au-csse-cpsc4970.com/login_handler,200,,126,177,829
340,Sat Jul 29 10:06:51 CDT 2023,Sat Jul 29 10:06:51 CDT 2023,POST,https://als0184.au-csse-cpsc4970.com/login_handler,200,,122,177,829
341,Sat Jul 29 10:06:51 CDT 2023,Sat Jul 29 10:06:51 CDT 2023,POST,https://als0184.au-csse-cpsc4970.com/login_handler,200,,117,177,829
342,Sat Jul 29 10:06:51 CDT 2023,Sat Jul 29 10:06:51 CDT 2023,POST,https://als0184.au-csse-cpsc4970.com/login_handler,200,,124,177,829
343,Sat Jul 29 10:06:51 CDT 2023,Sat Jul 29 10:06:51 CDT 2023,POST,https://als0184.au-csse-cpsc4970.com/login_handler,200,,136,177,829
344,Sat Jul 29 10:06:51 CDT 2023,Sat Jul 29 10:06:51 CDT 2023,POST,https://als0184.au-csse-cpsc4970.com/login_handler,200,,120,177,829
345,Sat Jul 29 10:06:51 CDT 2023,Sat Jul 29 10:06:51 CDT 2023,POST,https://als0184.au-csse-cpsc4970.com/login_handler,200,,128,177,829
346,Sat Jul 29 10:06:51 CDT 2023,Sat Jul 29 10:06:51 CDT 2023,POST,https://als0184.au-csse-cpsc4970.com/login_handler,200,,118,177,829
347,Sat Jul 29 10:06:51 CDT 2023,Sat Jul 29 10:06:52 CDT 2023,POST,https://als0184.au-csse-cpsc4970.com/login_handler,200,,124,177,829
348,Sat Jul 29 10:06:52 CDT 2023,Sat Jul 29 10:06:52 CDT 2023,POST,https://als0184.au-csse-cpsc4970.com/login_handler,200,,121,177,829
349,Sat Jul 29 10:06:52 CDT 2023,Sat Jul 29 10:06:52 CDT 2023,POST,https://als0184.au-csse-cpsc4970.com/login_handler,200,,127,177,829
350,Sat Jul 29 10:06:52 CDT 2023,Sat Jul 29 10:06:52 CDT 2023,GET,https://als0184.au-csse-cpsc4970.com/api,404,,105,233,92
351,Sat Jul 29 10:06:52 CDT 2023,Sat Jul 29 10:06:52 CDT 2023,POST,https://als0184.au-csse-cpsc4970.com/login_handler,200,,116,177,829
352,Sat Jul 29 10:06:52 CDT 2023,Sat Jul 29 10:06:52 CDT 2023,POST,https://als0184.au-csse-cpsc4970.com/login_handler,200,,123,177,829
353,Sat Jul 29 10:06:52 CDT 2023,Sat Jul 29 10:06:52 CDT 2023,POST,https://als0184.au-csse-cpsc4970.com/login_handler,200,,129,177,829
354,Sat Jul 29 10:06:52 CDT 2023,Sat Jul 29 10:06:52 CDT 2023,POST,https://als0184.au-csse-cpsc4970.com/login_handler,200,,124,177,829
355,Sat Jul 29 10:06:52 CDT 2023,Sat Jul 29 10:06:52 CDT 2023,POST,https://als0184.au-csse-cpsc4970.com/login_handler,200,,113,177,829
356,Sat Jul 29 10:06:52 CDT 2023,Sat Jul 29 10:06:53 CDT 2023,POST,https://als0184.au-csse-cpsc4970.com/login_handler,200,,133,177,829
357,Sat Jul 29 10:06:53 CDT 2023,Sat Jul 29 10:06:53 CDT 2023,POST,https://als0184.au-csse-cpsc4970.com/login_handler,200,,123,177,829
358,Sat Jul 29 10:06:53 CDT 2023,Sat Jul 29 10:06:53 CDT 2023,POST,https://als0184.au-csse-cpsc4970.com/login_handler,200,,119,177,829
359,Sat Jul 29 10:06:53 CDT 2023,Sat Jul 29 10:06:53 CDT 2023,POST,https://als0184.au-csse-cpsc4970.com/login_handler,200,,130,177,829
360,Sat Jul 29 10:06:53 CDT 2023,Sat Jul 29 10:06:53 CDT 2023,POST,https://als0184.au-csse-cpsc4970.com/login_handler,200,,130,177,829
361,Sat Jul 29 10:06:53 CDT 2023,Sat Jul 29 10:06:53 CDT 2023,POST,https://als0184.au-csse-cpsc4970.com/login_handler,200,,121,177,829
362,Sat Jul 29 10:06:53 CDT 2023,Sat Jul 29 10:06:53 CDT 2023,POST,https://als0184.au-csse-cpsc4970.com/login_handler,200,,125,177,829
363,Sat Jul 29 10:06:53 CDT 2023,Sat Jul 29 10:06:53 CDT 2023,POST,https://als0184.au-csse-cpsc4970.com/login_handler,200,,125,177,829
364,Sat Jul 29 10:06:53 CDT 2023,Sat Jul 29 10:06:54 CDT 2023,POST,https://als0184.au-csse-cpsc4970.com/login_handler,200,,118,177,829
365,Sat Jul 29 10:06:54 CDT 2023,Sat Jul 29 10:06:54 CDT 2023,POST,https://als0184.au-csse-cpsc4970.com/login_handler,200,,125,177,829
366,Sat Jul 29 10:06:54 CDT 2023,Sat Jul 29 10:06:54 CDT 2023,POST,https://als0184.au-csse-cpsc4970.com/login_handler,200,,123,177,829
367,Sat Jul 29 10:06:54 CDT 2023,Sat Jul 29 10:06:54 CDT 2023,POST,https://als0184.au-csse-cpsc4970.com/login_handler,200,,121,177,829
368,Sat Jul 29 10:06:54 CDT 2023,Sat Jul 29 10:06:54 CDT 2023,POST,https://als0184.au-csse-cpsc4970.com/login_handler,200,,120,177,829
369,Sat Jul 29 10:06:54 CDT 2023,Sat Jul 29 10:06:54 CDT 2023,POST,https://als0184.au-csse-cpsc4970.com/login_handler,200,,122,177,829
370,Sat Jul 29 10:06:54 CDT 2023,Sat Jul 29 10:06:54 CDT 2023,POST,https://als0184.au-csse-cpsc4970.com/login_handler,200,,120,177,829
371,Sat Jul 29 10:06:54 CDT 2023,Sat Jul 29 10:06:54 CDT 2023,POST,https://als0184.au-csse-cpsc4970.com/login_handler,200,,121,177,829
372,Sat Jul 29 10:06:54 CDT 2023,Sat Jul 29 10:06:55 CDT 2023,POST,https://als0184.au-csse-cpsc4970.com/login_handler,200,,123,177,829
373,Sat Jul 29 10:06:55 CDT 2023,Sat Jul 29 10:06:55 CDT 2023,POST,https://als0184.au-csse-cpsc4970.com/login_handler,200,,118,177,829
374,Sat Jul 29 10:06:55 CDT 2023,Sat Jul 29 10:06:55 CDT 2023,POST,https://als0184.au-csse-cpsc4970.com/login_handler,200,,124,177,829
375,Sat Jul 29 10:06:55 CDT 2023,Sat Jul 29 10:06:56 CDT 2023,POST,https://als0184.au-csse-cpsc4970.com/login_handler,200,,1122,177,829
376,Sat Jul 29 10:06:56 CDT 2023,Sat Jul 29 10:06:56 CDT 2023,POST,https://als0184.au-csse-cpsc4970.com/login_handler,200,,121,177,829
377,Sat Jul 29 10:06:56 CDT 2023,Sat Jul 29 10:06:56 CDT 2023,POST,https://als0184.au-csse-cpsc4970.com/login_handler,200,,130,177,829
378,Sat Jul 29 10:06:56 CDT 2023,Sat Jul 29 10:06:56 CDT 2023,POST,https://als0184.au-csse-cpsc4970.com/login_handler,200,,116,177,829
379,Sat Jul 29 10:06:56 CDT 2023,Sat Jul 29 10:06:56 CDT 2023,POST,https://als0184.au-csse-cpsc4970.com/login_handler,200,,119,177,829
380,Sat Jul 29 10:06:56 CDT 2023,Sat Jul 29 10:06:57 CDT 2023,POST,https://als0184.au-csse-cpsc4970.com/login_handler,200,,122,177,829
381,Sat Jul 29 10:06:57 CDT 2023,Sat Jul 29 10:06:57 CDT 2023,POST,https://als0184.au-csse-cpsc4970.com/login_handler,200,,122,177,829
382,Sat Jul 29 10:06:57 CDT 2023,Sat Jul 29 10:06:57 CDT 2023,POST,https://als0184.au-csse-cpsc4970.com/login_handler,200,,121,177,829
383,Sat Jul 29 10:06:57 CDT 2023,Sat Jul 29 10:06:57 CDT 2023,POST,https://als0184.au-csse-cpsc4970.com/login_handler,200,,137,177,829
384,Sat Jul 29 10:06:57 CDT 2023,Sat Jul 29 10:06:57 CDT 2023,POST,https://als0184.au-csse-cpsc4970.com/login_handler,200,,118,177,829
385,Sat Jul 29 10:06:57 CDT 2023,Sat Jul 29 10:06:57 CDT 2023,POST,https://als0184.au-csse-cpsc4970.com/login_handler,200,,124,177,829
386,Sat Jul 29 10:06:57 CDT 2023,Sat Jul 29 10:06:57 CDT 2023,POST,https://als0184.au-csse-cpsc4970.com/login_handler,200,,118,177,829
387,Sat Jul 29 10:06:57 CDT 2023,Sat Jul 29 10:06:57 CDT 2023,POST,https://als0184.au-csse-cpsc4970.com/login_handler,200,,120,177,829
388,Sat Jul 29 10:06:57 CDT 2023,Sat Jul 29 10:06:58 CDT 2023,POST,https://als0184.au-csse-cpsc4970.com/login_handler,200,,115,177,829
389,Sat Jul 29 10:06:58 CDT 2023,Sat Jul 29 10:06:58 CDT 2023,POST,https://als0184.au-csse-cpsc4970.com/login_handler,200,,111,177,829
390,Sat Jul 29 10:06:58 CDT 2023,Sat Jul 29 10:06:58 CDT 2023,POST,https://als0184.au-csse-cpsc4970.com/login_handler,200,,120,177,829
391,Sat Jul 29 10:06:58 CDT 2023,Sat Jul 29 10:06:58 CDT 2023,POST,https://als0184.au-csse-cpsc4970.com/login_handler,200,,114,177,829
392,Sat Jul 29 10:06:58 CDT 2023,Sat Jul 29 10:06:58 CDT 2023,POST,https://als0184.au-csse-cpsc4970.com/login_handler,200,,123,177,829
393,Sat Jul 29 10:06:58 CDT 2023,Sat Jul 29 10:06:58 CDT 2023,POST,https://als0184.au-csse-cpsc4970.com/login_handler,200,,121,177,829
394,Sat Jul 29 10:06:58 CDT 2023,Sat Jul 29 10:06:58 CDT 2023,POST,https://als0184.au-csse-cpsc4970.com/login_handler,200,,128,177,829
395,Sat Jul 29 10:06:58 CDT 2023,Sat Jul 29 10:06:58 CDT 2023,POST,https://als0184.au-csse-cpsc4970.com/login_handler,200,,120,177,829
396,Sat Jul 29 10:06:58 CDT 2023,Sat Jul 29 10:06:59 CDT 2023,POST,https://als0184.au-csse-cpsc4970.com/login_handler,200,,123,177,829
397,Sat Jul 29 10:06:59 CDT 2023,Sat Jul 29 10:06:59 CDT 2023,POST,https://als0184.au-csse-cpsc4970.com/login_handler,200,,126,177,829
398,Sat Jul 29 10:06:59 CDT 2023,Sat Jul 29 10:06:59 CDT 2023,POST,https://als0184.au-csse-cpsc4970.com/login_handler,200,,132,177,829
399,Sat Jul 29 10:06:59 CDT 2023,Sat Jul 29 10:06:59 CDT 2023,POST,https://als0184.au-csse-cpsc4970.com/login_handler,200,,128,177,829
400,Sat Jul 29 10:06:59 CDT 2023,Sat Jul 29 10:06:59 CDT 2023,POST,https://als0184.au-csse-cpsc4970.com/login_handler,200,,120,177,829
401,Sat Jul 29 10:06:59 CDT 2023,Sat Jul 29 10:06:59 CDT 2023,POST,https://als0184.au-csse-cpsc4970.com/login_handler,200,,118,177,829
402,Sat Jul 29 10:06:59 CDT 2023,Sat Jul 29 10:06:59 CDT 2023,POST,https://als0184.au-csse-cpsc4970.com/login_handler,200,,119,177,829
403,Sat Jul 29 10:06:59 CDT 2023,Sat Jul 29 10:07:00 CDT 2023,POST,https://als0184.au-csse-cpsc4970.com/login_handler,200,,1130,177,829
404,Sat Jul 29 10:07:00 CDT 2023,Sat Jul 29 10:07:01 CDT 2023,POST,https://als0184.au-csse-cpsc4970.com/login_handler,200,,121,177,829
405,Sat Jul 29 10:07:01 CDT 2023,Sat Jul 29 10:07:01 CDT 2023,POST,https://als0184.au-csse-cpsc4970.com/login_handler,200,,129,177,829
406,Sat Jul 29 10:07:01 CDT 2023,Sat Jul 29 10:07:01 CDT 2023,POST,https://als0184.au-csse-cpsc4970.com/login_handler,200,,129,177,829
407,Sat Jul 29 10:07:01 CDT 2023,Sat Jul 29 10:07:01 CDT 2023,POST,https://als0184.au-csse-cpsc4970.com/login_handler,200,,127,177,829
408,Sat Jul 29 10:07:01 CDT 2023,Sat Jul 29 10:07:01 CDT 2023,POST,https://als0184.au-csse-cpsc4970.com/login_handler,200,,132,177,829
409,Sat Jul 29 10:07:01 CDT 2023,Sat Jul 29 10:07:01 CDT 2023,POST,https://als0184.au-csse-cpsc4970.com/login_handler,200,,126,177,829
410,Sat Jul 29 10:07:01 CDT 2023,Sat Jul 29 10:07:01 CDT 2023,POST,https://als0184.au-csse-cpsc4970.com/login_handler,200,,127,177,829
411,Sat Jul 29 10:07:01 CDT 2023,Sat Jul 29 10:07:01 CDT 2023,POST,https://als0184.au-csse-cpsc4970.com/login_handler,200,,120,177,829
412,Sat Jul 29 10:07:01 CDT 2023,Sat Jul 29 10:07:02 CDT 2023,POST,https://als0184.au-csse-cpsc4970.com/login_handler,200,,123,177,829
413,Sat Jul 29 10:07:02 CDT 2023,Sat Jul 29 10:07:02 CDT 2023,POST,https://als0184.au-csse-cpsc4970.com/login_handler,200,,126,177,829
414,Sat Jul 29 10:07:02 CDT 2023,Sat Jul 29 10:07:02 CDT 2023,POST,https://als0184.au-csse-cpsc4970.com/login_handler,200,,114,177,829
415,Sat Jul 29 10:07:02 CDT 2023,Sat Jul 29 10:07:02 CDT 2023,POST,https://als0184.au-csse-cpsc4970.com/login_handler,200,,127,177,829
416,Sat Jul 29 10:07:02 CDT 2023,Sat Jul 29 10:07:02 CDT 2023,POST,https://als0184.au-csse-cpsc4970.com/login_handler,200,,124,177,829
417,Sat Jul 29 10:07:02 CDT 2023,Sat Jul 29 10:07:03 CDT 2023,POST,https://als0184.au-csse-cpsc4970.com/login_handler,200,,1223,177,829
418,Sat Jul 29 10:07:03 CDT 2023,Sat Jul 29 10:07:03 CDT 2023,POST,https://als0184.au-csse-cpsc4970.com/login_handler,200,,190,177,829
419,Sat Jul 29 10:07:03 CDT 2023,Sat Jul 29 10:07:04 CDT 2023,POST,https://als0184.au-csse-cpsc4970.com/login_handler,200,,159,177,829
420,Sat Jul 29 10:07:04 CDT 2023,Sat Jul 29 10:07:04 CDT 2023,POST,https://als0184.au-csse-cpsc4970.com/login_handler,200,,122,177,829
421,Sat Jul 29 10:07:04 CDT 2023,Sat Jul 29 10:07:04 CDT 2023,POST,https://als0184.au-csse-cpsc4970.com/login_handler,200,,128,177,829
422,Sat Jul 29 10:07:04 CDT 2023,Sat Jul 29 10:07:04 CDT 2023,GET,https://als0184.au-csse-cpsc4970.com/api,404,,120,233,92
423,Sat Jul 29 10:07:04 CDT 2023,Sat Jul 29 10:07:04 CDT 2023,POST,https://als0184.au-csse-cpsc4970.com/login_handler,200,,130,177,829
424,Sat Jul 29 10:07:04 CDT 2023,Sat Jul 29 10:07:04 CDT 2023,POST,https://als0184.au-csse-cpsc4970.com/login_handler,200,,127,177,829
425,Sat Jul 29 10:07:04 CDT 2023,Sat Jul 29 10:07:04 CDT 2023,POST,https://als0184.au-csse-cpsc4970.com/login_handler,200,,122,177,829
426,Sat Jul 29 10:07:04 CDT 2023,Sat Jul 29 10:07:04 CDT 2023,POST,https://als0184.au-csse-cpsc4970.com/login_handler,200,,127,177,829
427,Sat Jul 29 10:07:04 CDT 2023,Sat Jul 29 10:07:04 CDT 2023,POST,https://als0184.au-csse-cpsc4970.com/login_handler,200,,136,177,829
428,Sat Jul 29 10:07:04 CDT 2023,Sat Jul 29 10:07:05 CDT 2023,POST,https://als0184.au-csse-cpsc4970.com/login_handler,200,,131,177,829
429,Sat Jul 29 10:07:05 CDT 2023,Sat Jul 29 10:07:05 CDT 2023,GET,https://als0184.au-csse-cpsc4970.com/api,404,,101,233,92
430,Sat Jul 29 10:07:05 CDT 2023,Sat Jul 29 10:07:05 CDT 2023,GET,https://als0184.au-csse-cpsc4970.com/api,404,,118,233,92
431,Sat Jul 29 10:07:05 CDT 2023,Sat Jul 29 10:07:05 CDT 2023,GET,https://als0184.au-csse-cpsc4970.com/api,404,,108,233,92
432,Sat Jul 29 10:07:05 CDT 2023,Sat Jul 29 10:07:05 CDT 2023,POST,https://als0184.au-csse-cpsc4970.com/login_handler,200,,138,177,829
433,Sat Jul 29 10:07:05 CDT 2023,Sat Jul 29 10:07:05 CDT 2023,POST,https://als0184.au-csse-cpsc4970.com/login_handler,200,,148,177,829
434,Sat Jul 29 10:07:05 CDT 2023,Sat Jul 29 10:07:05 CDT 2023,POST,https://als0184.au-csse-cpsc4970.com/login_handler,200,,135,177,829
435,Sat Jul 29 10:07:05 CDT 2023,Sat Jul 29 10:07:05 CDT 2023,POST,https://als0184.au-csse-cpsc4970.com/login_handler,200,,127,177,829
436,Sat Jul 29 10:07:05 CDT 2023,Sat Jul 29 10:07:06 CDT 2023,POST,https://als0184.au-csse-cpsc4970.com/login_handler,200,,115,177,829
437,Sat Jul 29 10:07:06 CDT 2023,Sat Jul 29 10:07:06 CDT 2023,POST,https://als0184.au-csse-cpsc4970.com/login_handler,200,,131,177,829
438,Sat Jul 29 10:07:06 CDT 2023,Sat Jul 29 10:07:06 CDT 2023,POST,https://als0184.au-csse-cpsc4970.com/login_handler,200,,126,177,829
439,Sat Jul 29 10:07:06 CDT 2023,Sat Jul 29 10:07:06 CDT 2023,POST,https://als0184.au-csse-cpsc4970.com/login_handler,200,,133,177,829
440,Sat Jul 29 10:07:05 CDT 2023,Sat Jul 29 10:07:06 CDT 2023,POST,https://als0184.au-csse-cpsc4970.com/latest/meta-data/,404,,1119,234,106
441,Sat Jul 29 10:07:06 CDT 2023,Sat Jul 29 10:07:06 CDT 2023,POST,https://als0184.au-csse-cpsc4970.com/login_handler,200,,137,177,829
442,Sat Jul 29 10:07:06 CDT 2023,Sat Jul 29 10:07:06 CDT 2023,POST,https://als0184.au-csse-cpsc4970.com/latest/meta-data/,404,,104,234,106
443,Sat Jul 29 10:07:06 CDT 2023,Sat Jul 29 10:07:06 CDT 2023,POST,https://als0184.au-csse-cpsc4970.com/latest/meta-data/,404,,106,234,106
444,Sat Jul 29 10:07:06 CDT 2023,Sat Jul 29 10:07:06 CDT 2023,POST,https://als0184.au-csse-cpsc4970.com/login_handler,200,,126,177,829
445,Sat Jul 29 10:07:06 CDT 2023,Sat Jul 29 10:07:06 CDT 2023,POST,https://als0184.au-csse-cpsc4970.com/latest/meta-data/,404,,98,234,106
446,Sat Jul 29 10:07:06 CDT 2023,Sat Jul 29 10:07:06 CDT 2023,POST,https://als0184.au-csse-cpsc4970.com/login_handler,200,,116,177,829
447,Sat Jul 29 10:07:06 CDT 2023,Sat Jul 29 10:07:06 CDT 2023,POST,https://als0184.au-csse-cpsc4970.com/login_handler,200,,114,177,829
448,Sat Jul 29 10:07:06 CDT 2023,Sat Jul 29 10:07:07 CDT 2023,POST,https://als0184.au-csse-cpsc4970.com/login_handler,200,,123,177,829
449,Sat Jul 29 10:07:07 CDT 2023,Sat Jul 29 10:07:07 CDT 2023,POST,https://als0184.au-csse-cpsc4970.com/login_handler,200,,119,177,829
450,Sat Jul 29 10:07:07 CDT 2023,Sat Jul 29 10:07:07 CDT 2023,POST,https://als0184.au-csse-cpsc4970.com/login_handler,200,,126,177,829
451,Sat Jul 29 10:07:07 CDT 2023,Sat Jul 29 10:07:07 CDT 2023,POST,https://als0184.au-csse-cpsc4970.com/login_handler,200,,120,177,829
452,Sat Jul 29 10:07:07 CDT 2023,Sat Jul 29 10:07:07 CDT 2023,POST,https://als0184.au-csse-cpsc4970.com/login_handler,200,,122,177,829
453,Sat Jul 29 10:07:07 CDT 2023,Sat Jul 29 10:07:07 CDT 2023,POST,https://als0184.au-csse-cpsc4970.com/login_handler,200,,122,177,829
454,Sat Jul 29 10:07:07 CDT 2023,Sat Jul 29 10:07:07 CDT 2023,POST,https://als0184.au-csse-cpsc4970.com/login_handler,200,,125,177,829
455,Sat Jul 29 10:07:07 CDT 2023,Sat Jul 29 10:07:07 CDT 2023,POST,https://als0184.au-csse-cpsc4970.com/login_handler,200,,114,177,829
456,Sat Jul 29 10:07:07 CDT 2023,Sat Jul 29 10:07:08 CDT 2023,POST,https://als0184.au-csse-cpsc4970.com/login_handler,200,,126,177,829
457,Sat Jul 29 10:07:08 CDT 2023,Sat Jul 29 10:07:08 CDT 2023,POST,https://als0184.au-csse-cpsc4970.com/login_handler,200,,123,177,829
458,Sat Jul 29 10:07:08 CDT 2023,Sat Jul 29 10:07:08 CDT 2023,POST,https://als0184.au-csse-cpsc4970.com/login_handler,200,,122,177,829
459,Sat Jul 29 10:07:08 CDT 2023,Sat Jul 29 10:07:08 CDT 2023,POST,https://als0184.au-csse-cpsc4970.com/login_handler,200,,129,177,829
460,Sat Jul 29 10:07:08 CDT 2023,Sat Jul 29 10:07:08 CDT 2023,POST,https://als0184.au-csse-cpsc4970.com/login_handler,200,,133,177,829
461,Sat Jul 29 10:07:08 CDT 2023,Sat Jul 29 10:07:08 CDT 2023,POST,https://als0184.au-csse-cpsc4970.com/login_handler,200,,124,177,829
462,Sat Jul 29 10:07:08 CDT 2023,Sat Jul 29 10:07:08 CDT 2023,POST,https://als0184.au-csse-cpsc4970.com/login_handler,200,,129,177,829
463,Sat Jul 29 10:07:08 CDT 2023,Sat Jul 29 10:07:08 CDT 2023,POST,https://als0184.au-csse-cpsc4970.com/login_handler,200,,130,177,829
464,Sat Jul 29 10:07:08 CDT 2023,Sat Jul 29 10:07:09 CDT 2023,GET,https://als0184.au-csse-cpsc4970.com/api,404,,113,233,92
465,Sat Jul 29 10:07:08 CDT 2023,Sat Jul 29 10:07:09 CDT 2023,POST,https://als0184.au-csse-cpsc4970.com/login_handler,200,,137,177,829
466,Sat Jul 29 10:07:09 CDT 2023,Sat Jul 29 10:07:09 CDT 2023,POST,https://als0184.au-csse-cpsc4970.com/login_handler,200,,125,177,829
467,Sat Jul 29 10:07:09 CDT 2023,Sat Jul 29 10:07:09 CDT 2023,POST,https://als0184.au-csse-cpsc4970.com/login_handler,200,,122,177,829
468,Sat Jul 29 10:07:09 CDT 2023,Sat Jul 29 10:07:09 CDT 2023,POST,https://als0184.au-csse-cpsc4970.com/login_handler,200,,121,177,829
469,Sat Jul 29 10:07:09 CDT 2023,Sat Jul 29 10:07:09 CDT 2023,POST,https://als0184.au-csse-cpsc4970.com/login_handler,200,,119,177,829
470,Sat Jul 29 10:07:09 CDT 2023,Sat Jul 29 10:07:09 CDT 2023,POST,https://als0184.au-csse-cpsc4970.com/login_handler,200,,115,177,829
471,Sat Jul 29 10:07:09 CDT 2023,Sat Jul 29 10:07:09 CDT 2023,POST,https://als0184.au-csse-cpsc4970.com/login_handler,200,,130,177,829
472,Sat Jul 29 10:07:09 CDT 2023,Sat Jul 29 10:07:09 CDT 2023,POST,https://als0184.au-csse-cpsc4970.com/login_handler,200,,122,177,829
473,Sat Jul 29 10:07:09 CDT 2023,Sat Jul 29 10:07:10 CDT 2023,POST,https://als0184.au-csse-cpsc4970.com/login_handler,200,,122,177,829
474,Sat Jul 29 10:07:10 CDT 2023,Sat Jul 29 10:07:10 CDT 2023,POST,https://als0184.au-csse-cpsc4970.com/login_handler,200,,117,177,829
475,Sat Jul 29 10:07:10 CDT 2023,Sat Jul 29 10:07:10 CDT 2023,POST,https://als0184.au-csse-cpsc4970.com/login_handler,200,,135,177,829
476,Sat Jul 29 10:07:10 CDT 2023,Sat Jul 29 10:07:10 CDT 2023,POST,https://als0184.au-csse-cpsc4970.com/login_handler,200,,114,177,829
477,Sat Jul 29 10:07:10 CDT 2023,Sat Jul 29 10:07:10 CDT 2023,POST,https://als0184.au-csse-cpsc4970.com/login_handler,200,,129,177,829
478,Sat Jul 29 10:07:10 CDT 2023,Sat Jul 29 10:07:10 CDT 2023,POST,https://als0184.au-csse-cpsc4970.com/login_handler,200,,115,177,829
479,Sat Jul 29 10:07:10 CDT 2023,Sat Jul 29 10:07:10 CDT 2023,POST,https://als0184.au-csse-cpsc4970.com/login_handler,200,,132,177,829
480,Sat Jul 29 10:07:10 CDT 2023,Sat Jul 29 10:07:10 CDT 2023,POST,https://als0184.au-csse-cpsc4970.com/login_handler,200,,117,177,829
481,Sat Jul 29 10:07:10 CDT 2023,Sat Jul 29 10:07:11 CDT 2023,POST,https://als0184.au-csse-cpsc4970.com/login_handler,200,,124,177,829
482,Sat Jul 29 10:07:11 CDT 2023,Sat Jul 29 10:07:11 CDT 2023,POST,https://als0184.au-csse-cpsc4970.com/login_handler,200,,126,177,829
483,Sat Jul 29 10:07:11 CDT 2023,Sat Jul 29 10:07:11 CDT 2023,POST,https://als0184.au-csse-cpsc4970.com/login_handler,200,,113,177,829
484,Sat Jul 29 10:07:11 CDT 2023,Sat Jul 29 10:07:11 CDT 2023,POST,https://als0184.au-csse-cpsc4970.com/login_handler,200,,122,177,829
485,Sat Jul 29 10:07:11 CDT 2023,Sat Jul 29 10:07:11 CDT 2023,POST,https://als0184.au-csse-cpsc4970.com/login_handler,200,,122,177,829
486,Sat Jul 29 10:07:11 CDT 2023,Sat Jul 29 10:07:11 CDT 2023,POST,https://als0184.au-csse-cpsc4970.com/login_handler,200,,126,177,829
487,Sat Jul 29 10:07:11 CDT 2023,Sat Jul 29 10:07:11 CDT 2023,POST,https://als0184.au-csse-cpsc4970.com/login_handler,200,,121,177,829
488,Sat Jul 29 10:07:11 CDT 2023,Sat Jul 29 10:07:11 CDT 2023,POST,https://als0184.au-csse-cpsc4970.com/login_handler,200,,122,177,829
489,Sat Jul 29 10:07:11 CDT 2023,Sat Jul 29 10:07:12 CDT 2023,GET,https://als0184.au-csse-cpsc4970.com/,200,,99,252,816
490,Sat Jul 29 10:07:11 CDT 2023,Sat Jul 29 10:07:12 CDT 2023,GET,https://als0184.au-csse-cpsc4970.com/,200,,102,252,816
491,Sat Jul 29 10:07:11 CDT 2023,Sat Jul 29 10:07:12 CDT 2023,GET,https://als0184.au-csse-cpsc4970.com/api,404,,110,233,92
492,Sat Jul 29 10:07:11 CDT 2023,Sat Jul 29 10:07:12 CDT 2023,POST,https://als0184.au-csse-cpsc4970.com/login_handler/,200,,120,177,829
493,Sat Jul 29 10:07:12 CDT 2023,Sat Jul 29 10:07:12 CDT 2023,GET,https://als0184.au-csse-cpsc4970.com/api/,404,,106,233,93
494,Sat Jul 29 10:07:12 CDT 2023,Sat Jul 29 10:07:12 CDT 2023,GET,https://als0184.au-csse-cpsc4970.com/api/postapi/,200,,106,143,2
495,Sat Jul 29 10:07:12 CDT 2023,Sat Jul 29 10:07:12 CDT 2023,GET,https://als0184.au-csse-cpsc4970.com/style.css/,200,,106,295,1026
496,Sat Jul 29 10:07:12 CDT 2023,Sat Jul 29 10:07:12 CDT 2023,GET,https://als0184.au-csse-cpsc4970.com/api/getapi/,200,,111,143,2
497,Sat Jul 29 10:07:12 CDT 2023,Sat Jul 29 10:07:12 CDT 2023,GET,https://als0184.au-csse-cpsc4970.com/sitemap.xml/,200,,110,301,718
498,Sat Jul 29 10:07:12 CDT 2023,Sat Jul 29 10:07:12 CDT 2023,GET,https://als0184.au-csse-cpsc4970.com/login/,200,,110,177,816
499,Sat Jul 29 10:07:12 CDT 2023,Sat Jul 29 10:07:12 CDT 2023,GET,https://als0184.au-csse-cpsc4970.com/robots.txt/,404,,115,234,100
500,Sat Jul 29 10:07:12 CDT 2023,Sat Jul 29 10:07:12 CDT 2023,GET,https://als0184.au-csse-cpsc4970.com/api,404,,39,233,92
501,Sat Jul 29 10:07:12 CDT 2023,Sat Jul 29 10:07:12 CDT 2023,POST,https://als0184.au-csse-cpsc4970.com/login_handler,200,,53,177,829
502,Sat Jul 29 10:07:12 CDT 2023,Sat Jul 29 10:07:12 CDT 2023,POST,https://als0184.au-csse-cpsc4970.com/login_handler,200,,52,177,829
503,Sat Jul 29 10:07:12 CDT 2023,Sat Jul 29 10:07:12 CDT 2023,GET,https://als0184.au-csse-cpsc4970.com/api,404,,42,233,92
504,Sat Jul 29 10:07:12 CDT 2023,Sat Jul 29 10:07:12 CDT 2023,POST,https://als0184.au-csse-cpsc4970.com/login_handler,200,,118,177,829
505,Sat Jul 29 10:07:12 CDT 2023,Sat Jul 29 10:07:12 CDT 2023,POST,https://als0184.au-csse-cpsc4970.com/login_handler,200,,117,177,829
506,Sat Jul 29 10:07:12 CDT 2023,Sat Jul 29 10:07:12 CDT 2023,POST,https://als0184.au-csse-cpsc4970.com/login_handler,200,,118,177,829
507,Sat Jul 29 10:07:12 CDT 2023,Sat Jul 29 10:07:12 CDT 2023,POST,https://als0184.au-csse-cpsc4970.com/login_handler,200,,122,177,829
508,Sat Jul 29 10:07:12 CDT 2023,Sat Jul 29 10:07:12 CDT 2023,POST,https://als0184.au-csse-cpsc4970.com/login_handler,200,,129,177,829
509,Sat Jul 29 10:07:12 CDT 2023,Sat Jul 29 10:07:12 CDT 2023,POST,https://als0184.au-csse-cpsc4970.com/login_handler,200,,123,177,829
510,Sat Jul 29 10:07:12 CDT 2023,Sat Jul 29 10:07:13 CDT 2023,GET,https://als0184.au-csse-cpsc4970.com/api,404,,118,233,92
511,Sat Jul 29 10:07:13 CDT 2023,Sat Jul 29 10:07:13 CDT 2023,POST,https://als0184.au-csse-cpsc4970.com/login_handler,200,,123,177,829
512,Sat Jul 29 10:07:13 CDT 2023,Sat Jul 29 10:07:13 CDT 2023,POST,https://als0184.au-csse-cpsc4970.com/login_handler,200,,141,177,829
513,Sat Jul 29 10:07:13 CDT 2023,Sat Jul 29 10:07:13 CDT 2023,POST,https://als0184.au-csse-cpsc4970.com/login_handler,200,,124,177,829
514,Sat Jul 29 10:07:13 CDT 2023,Sat Jul 29 10:07:13 CDT 2023,POST,https://als0184.au-csse-cpsc4970.com/login_handler,200,,119,177,829
515,Sat Jul 29 10:07:13 CDT 2023,Sat Jul 29 10:07:13 CDT 2023,POST,https://als0184.au-csse-cpsc4970.com/login_handler,200,,128,177,829
516,Sat Jul 29 10:07:13 CDT 2023,Sat Jul 29 10:07:13 CDT 2023,POST,https://als0184.au-csse-cpsc4970.com/login_handler,200,,130,177,829
517,Sat Jul 29 10:07:13 CDT 2023,Sat Jul 29 10:07:13 CDT 2023,POST,https://als0184.au-csse-cpsc4970.com/login_handler,200,,127,177,829
518,Sat Jul 29 10:07:13 CDT 2023,Sat Jul 29 10:07:14 CDT 2023,POST,https://als0184.au-csse-cpsc4970.com/login_handler,200,,120,177,829
519,Sat Jul 29 10:07:14 CDT 2023,Sat Jul 29 10:07:14 CDT 2023,POST,https://als0184.au-csse-cpsc4970.com/login_handler,200,,127,177,829
520,Sat Jul 29 10:07:14 CDT 2023,Sat Jul 29 10:07:14 CDT 2023,POST,https://als0184.au-csse-cpsc4970.com/login_handler,200,,125,177,829
521,Sat Jul 29 10:07:14 CDT 2023,Sat Jul 29 10:07:14 CDT 2023,POST,https://als0184.au-csse-cpsc4970.com/login_handler,200,,138,177,829
522,Sat Jul 29 10:07:14 CDT 2023,Sat Jul 29 10:07:14 CDT 2023,POST,https://als0184.au-csse-cpsc4970.com/login_handler,200,,132,177,829
523,Sat Jul 29 10:07:14 CDT 2023,Sat Jul 29 10:07:14 CDT 2023,POST,https://als0184.au-csse-cpsc4970.com/login_handler,200,,128,177,829
524,Sat Jul 29 10:07:14 CDT 2023,Sat Jul 29 10:07:14 CDT 2023,POST,https://als0184.au-csse-cpsc4970.com/login_handler,200,,119,177,829
525,Sat Jul 29 10:07:14 CDT 2023,Sat Jul 29 10:07:14 CDT 2023,GET,https://als0184.au-csse-cpsc4970.com/api,404,,103,233,92
526,Sat Jul 29 10:07:14 CDT 2023,Sat Jul 29 10:07:14 CDT 2023,POST,https://als0184.au-csse-cpsc4970.com/login_handler,200,,129,177,829
527,Sat Jul 29 10:07:14 CDT 2023,Sat Jul 29 10:07:15 CDT 2023,POST,https://als0184.au-csse-cpsc4970.com/login_handler,400,,106,145,104
528,Sat Jul 29 10:07:15 CDT 2023,Sat Jul 29 10:07:15 CDT 2023,POST,https://als0184.au-csse-cpsc4970.com/login_handler,200,,123,177,829
529,Sat Jul 29 10:07:15 CDT 2023,Sat Jul 29 10:07:15 CDT 2023,POST,https://als0184.au-csse-cpsc4970.com/login_handler,200,,127,177,829
530,Sat Jul 29 10:07:15 CDT 2023,Sat Jul 29 10:07:15 CDT 2023,POST,https://als0184.au-csse-cpsc4970.com/login_handler,200,,124,177,829
531,Sat Jul 29 10:07:15 CDT 2023,Sat Jul 29 10:07:15 CDT 2023,POST,https://als0184.au-csse-cpsc4970.com/login_handler,200,,127,177,829
532,Sat Jul 29 10:07:15 CDT 2023,Sat Jul 29 10:07:15 CDT 2023,POST,https://als0184.au-csse-cpsc4970.com/login_handler,200,,127,177,829
533,Sat Jul 29 10:07:15 CDT 2023,Sat Jul 29 10:07:15 CDT 2023,POST,https://als0184.au-csse-cpsc4970.com/login_handler,200,,126,177,829
534,Sat Jul 29 10:07:15 CDT 2023,Sat Jul 29 10:07:15 CDT 2023,POST,https://als0184.au-csse-cpsc4970.com/login_handler,400,,117,145,104
535,Sat Jul 29 10:07:15 CDT 2023,Sat Jul 29 10:07:16 CDT 2023,POST,https://als0184.au-csse-cpsc4970.com/login_handler,200,,128,177,829
536,Sat Jul 29 10:07:16 CDT 2023,Sat Jul 29 10:07:16 CDT 2023,POST,https://als0184.au-csse-cpsc4970.com/login_handler,200,,116,177,829
537,Sat Jul 29 10:07:16 CDT 2023,Sat Jul 29 10:07:16 CDT 2023,POST,https://als0184.au-csse-cpsc4970.com/login_handler,200,,126,177,829
538,Sat Jul 29 10:07:16 CDT 2023,Sat Jul 29 10:07:16 CDT 2023,POST,https://als0184.au-csse-cpsc4970.com/login_handler,200,,136,177,829
539,Sat Jul 29 10:07:16 CDT 2023,Sat Jul 29 10:07:16 CDT 2023,POST,https://als0184.au-csse-cpsc4970.com/login_handler,200,,120,177,829
540,Sat Jul 29 10:07:16 CDT 2023,Sat Jul 29 10:07:16 CDT 2023,GET,https://als0184.au-csse-cpsc4970.com/api,404,,126,233,92
541,Sat Jul 29 10:07:16 CDT 2023,Sat Jul 29 10:07:16 CDT 2023,GET,https://als0184.au-csse-cpsc4970.com/elmah.axd,404,,129,277,98
542,Sat Jul 29 10:07:16 CDT 2023,Sat Jul 29 10:07:16 CDT 2023,GET,https://als0184.au-csse-cpsc4970.com/trace.axd,404,,128,277,98
543,Sat Jul 29 10:07:16 CDT 2023,Sat Jul 29 10:07:16 CDT 2023,GET,https://als0184.au-csse-cpsc4970.com/trace.axd,404,,129,277,98
544,Sat Jul 29 10:07:16 CDT 2023,Sat Jul 29 10:07:16 CDT 2023,GET,https://als0184.au-csse-cpsc4970.com/trace.axd,404,,132,277,98
545,Sat Jul 29 10:07:16 CDT 2023,Sat Jul 29 10:07:16 CDT 2023,GET,https://als0184.au-csse-cpsc4970.com/api/trace.axd,404,,119,278,102
546,Sat Jul 29 10:07:16 CDT 2023,Sat Jul 29 10:07:16 CDT 2023,GET,https://als0184.au-csse-cpsc4970.com/api,404,,109,233,92
547,Sat Jul 29 10:07:16 CDT 2023,Sat Jul 29 10:07:16 CDT 2023,GET,https://als0184.au-csse-cpsc4970.com/.htaccess,404,,117,277,98
548,Sat Jul 29 10:07:16 CDT 2023,Sat Jul 29 10:07:17 CDT 2023,GET,https://als0184.au-csse-cpsc4970.com/api/.htaccess,404,,108,278,102
549,Sat Jul 29 10:07:17 CDT 2023,Sat Jul 29 10:07:17 CDT 2023,GET,https://als0184.au-csse-cpsc4970.com/api,404,,245,233,92
550,Sat Jul 29 10:07:17 CDT 2023,Sat Jul 29 10:07:17 CDT 2023,GET,https://als0184.au-csse-cpsc4970.com/.env,404,,252,277,93
551,Sat Jul 29 10:07:17 CDT 2023,Sat Jul 29 10:07:17 CDT 2023,GET,https://als0184.au-csse-cpsc4970.com/api/.env,404,,106,277,97
552,Sat Jul 29 10:07:17 CDT 2023,Sat Jul 29 10:07:17 CDT 2023,GET,https://als0184.au-csse-cpsc4970.com/lfm.php,404,,109,277,96
553,Sat Jul 29 10:07:17 CDT 2023,Sat Jul 29 10:07:17 CDT 2023,GET,https://als0184.au-csse-cpsc4970.com/actuator/health,404,,113,234,104
554,Sat Jul 29 10:07:17 CDT 2023,Sat Jul 29 10:07:17 CDT 2023,GET,https://als0184.au-csse-cpsc4970.com/api,404,,114,233,92
555,Sat Jul 29 10:07:17 CDT 2023,Sat Jul 29 10:07:17 CDT 2023,POST,https://als0184.au-csse-cpsc4970.com/login_handler,200,,135,177,829
556,Sat Jul 29 10:07:17 CDT 2023,Sat Jul 29 10:07:17 CDT 2023,GET,https://als0184.au-csse-cpsc4970.com/actuator/health,404,,124,234,104
557,Sat Jul 29 10:07:17 CDT 2023,Sat Jul 29 10:07:17 CDT 2023,GET,https://als0184.au-csse-cpsc4970.com/.idea/WebServers.xml,404,,134,234,109
558,Sat Jul 29 10:07:17 CDT 2023,Sat Jul 29 10:07:17 CDT 2023,POST,https://als0184.au-csse-cpsc4970.com/login_handler,200,,128,177,829
559,Sat Jul 29 10:07:17 CDT 2023,Sat Jul 29 10:07:17 CDT 2023,GET,https://als0184.au-csse-cpsc4970.com/config/databases.yml,404,,115,234,109
560,Sat Jul 29 10:07:17 CDT 2023,Sat Jul 29 10:07:17 CDT 2023,POST,https://als0184.au-csse-cpsc4970.com/login_handler,200,,123,177,829
561,Sat Jul 29 10:07:17 CDT 2023,Sat Jul 29 10:07:17 CDT 2023,GET,https://als0184.au-csse-cpsc4970.com/config/database.yml,404,,117,234,108
562,Sat Jul 29 10:07:17 CDT 2023,Sat Jul 29 10:07:17 CDT 2023,POST,https://als0184.au-csse-cpsc4970.com/login_handler,200,,122,177,829
563,Sat Jul 29 10:07:17 CDT 2023,Sat Jul 29 10:07:17 CDT 2023,GET,https://als0184.au-csse-cpsc4970.com/.git/config,404,,109,234,100
564,Sat Jul 29 10:07:17 CDT 2023,Sat Jul 29 10:07:18 CDT 2023,POST,https://als0184.au-csse-cpsc4970.com/login_handler,200,,125,177,829
565,Sat Jul 29 10:07:17 CDT 2023,Sat Jul 29 10:07:18 CDT 2023,GET,https://als0184.au-csse-cpsc4970.com/.svn/entries,404,,116,234,101
566,Sat Jul 29 10:07:18 CDT 2023,Sat Jul 29 10:07:18 CDT 2023,POST,https://als0184.au-csse-cpsc4970.com/login_handler,200,,129,177,829
567,Sat Jul 29 10:07:18 CDT 2023,Sat Jul 29 10:07:18 CDT 2023,GET,https://als0184.au-csse-cpsc4970.com/.svn/wc.db,404,,119,277,99
568,Sat Jul 29 10:07:18 CDT 2023,Sat Jul 29 10:07:18 CDT 2023,POST,https://als0184.au-csse-cpsc4970.com/login_handler,200,,121,177,829
569,Sat Jul 29 10:07:18 CDT 2023,Sat Jul 29 10:07:18 CDT 2023,GET,https://als0184.au-csse-cpsc4970.com/CVS/root,404,,113,233,97
570,Sat Jul 29 10:07:18 CDT 2023,Sat Jul 29 10:07:18 CDT 2023,POST,https://als0184.au-csse-cpsc4970.com/login_handler,200,,124,177,829
571,Sat Jul 29 10:07:18 CDT 2023,Sat Jul 29 10:07:18 CDT 2023,GET,https://als0184.au-csse-cpsc4970.com/server-status,404,,118,234,102
572,Sat Jul 29 10:07:18 CDT 2023,Sat Jul 29 10:07:18 CDT 2023,POST,https://als0184.au-csse-cpsc4970.com/login_handler,200,,127,177,829
573,Sat Jul 29 10:07:18 CDT 2023,Sat Jul 29 10:07:18 CDT 2023,GET,https://als0184.au-csse-cpsc4970.com/core,404,,107,233,93
574,Sat Jul 29 10:07:18 CDT 2023,Sat Jul 29 10:07:18 CDT 2023,GET,https://als0184.au-csse-cpsc4970.com/sftp-config.json,404,,109,234,105
575,Sat Jul 29 10:07:18 CDT 2023,Sat Jul 29 10:07:18 CDT 2023,POST,https://als0184.au-csse-cpsc4970.com/login_handler,200,,133,177,829
576,Sat Jul 29 10:07:18 CDT 2023,Sat Jul 29 10:07:18 CDT 2023,GET,https://als0184.au-csse-cpsc4970.com/WS_FTP.ini,404,,109,277,99
577,Sat Jul 29 10:07:18 CDT 2023,Sat Jul 29 10:07:18 CDT 2023,POST,https://als0184.au-csse-cpsc4970.com/login_handler,200,,121,177,829
578,Sat Jul 29 10:07:18 CDT 2023,Sat Jul 29 10:07:18 CDT 2023,GET,https://als0184.au-csse-cpsc4970.com/ws_ftp.ini,404,,109,277,99
579,Sat Jul 29 10:07:18 CDT 2023,Sat Jul 29 10:07:18 CDT 2023,POST,https://als0184.au-csse-cpsc4970.com/login_handler,200,,123,177,829
580,Sat Jul 29 10:07:18 CDT 2023,Sat Jul 29 10:07:19 CDT 2023,GET,https://als0184.au-csse-cpsc4970.com/WS_FTP.INI,404,,1107,277,99
581,Sat Jul 29 10:07:19 CDT 2023,Sat Jul 29 10:07:20 CDT 2023,GET,https://als0184.au-csse-cpsc4970.com/filezilla.xml,404,,102,234,102
582,Sat Jul 29 10:07:20 CDT 2023,Sat Jul 29 10:07:20 CDT 2023,GET,https://als0184.au-csse-cpsc4970.com/sitemanager.xml,404,,104,234,104
583,Sat Jul 29 10:07:20 CDT 2023,Sat Jul 29 10:07:20 CDT 2023,GET,https://als0184.au-csse-cpsc4970.com/FileZilla.xml,404,,117,234,102
584,Sat Jul 29 10:07:20 CDT 2023,Sat Jul 29 10:07:20 CDT 2023,GET,https://als0184.au-csse-cpsc4970.com/winscp.ini,404,,118,277,99
585,Sat Jul 29 10:07:20 CDT 2023,Sat Jul 29 10:07:20 CDT 2023,GET,https://als0184.au-csse-cpsc4970.com/WinSCP.ini,404,,119,277,99
586,Sat Jul 29 10:07:20 CDT 2023,Sat Jul 29 10:07:21 CDT 2023,GET,https://als0184.au-csse-cpsc4970.com/.DS_Store,404,,1220,277,98
587,Sat Jul 29 10:07:21 CDT 2023,Sat Jul 29 10:07:21 CDT 2023,GET,https://als0184.au-csse-cpsc4970.com/.php_cs.cache,404,,109,278,102
588,Sat Jul 29 10:07:21 CDT 2023,Sat Jul 29 10:07:21 CDT 2023,GET,https://als0184.au-csse-cpsc4970.com/DEADJOE,404,,113,233,96
589,Sat Jul 29 10:07:21 CDT 2023,Sat Jul 29 10:07:22 CDT 2023,GET,https://als0184.au-csse-cpsc4970.com/sites/default/private/files/backup_migrate/scheduled/test.txt,404,,116,234,150
590,Sat Jul 29 10:07:22 CDT 2023,Sat Jul 29 10:07:22 CDT 2023,GET,https://als0184.au-csse-cpsc4970.com/app/etc/local.xml,404,,106,234,106
591,Sat Jul 29 10:07:22 CDT 2023,Sat Jul 29 10:07:22 CDT 2023,GET,https://als0184.au-csse-cpsc4970.com/server.key,404,,124,277,99
592,Sat Jul 29 10:07:22 CDT 2023,Sat Jul 29 10:07:22 CDT 2023,GET,https://als0184.au-csse-cpsc4970.com/privatekey.key,404,,108,278,103
593,Sat Jul 29 10:07:22 CDT 2023,Sat Jul 29 10:07:22 CDT 2023,GET,https://als0184.au-csse-cpsc4970.com/myserver.key,404,,121,278,101
594,Sat Jul 29 10:07:22 CDT 2023,Sat Jul 29 10:07:22 CDT 2023,GET,https://als0184.au-csse-cpsc4970.com/key.pem,404,,118,277,96
595,Sat Jul 29 10:07:22 CDT 2023,Sat Jul 29 10:07:22 CDT 2023,GET,https://als0184.au-csse-cpsc4970.com/id_rsa,404,,116,233,95
596,Sat Jul 29 10:07:22 CDT 2023,Sat Jul 29 10:07:22 CDT 2023,GET,https://als0184.au-csse-cpsc4970.com/id_dsa,404,,118,233,95
597,Sat Jul 29 10:07:22 CDT 2023,Sat Jul 29 10:07:23 CDT 2023,GET,https://als0184.au-csse-cpsc4970.com/.ssh/id_rsa,404,,261,234,100
598,Sat Jul 29 10:07:23 CDT 2023,Sat Jul 29 10:07:23 CDT 2023,GET,https://als0184.au-csse-cpsc4970.com/.ssh/id_dsa,404,,288,234,100
599,Sat Jul 29 10:07:23 CDT 2023,Sat Jul 29 10:07:23 CDT 2023,GET,https://als0184.au-csse-cpsc4970.com/adminer.php,404,,114,278,100
600,Sat Jul 29 10:07:23 CDT 2023,Sat Jul 29 10:07:23 CDT 2023,GET,https://als0184.au-csse-cpsc4970.com/vb_test.php,404,,120,278,100
601,Sat Jul 29 10:07:23 CDT 2023,Sat Jul 29 10:07:23 CDT 2023,GET,https://als0184.au-csse-cpsc4970.com/CHANGELOG.txt,404,,109,234,102
602,Sat Jul 29 10:07:23 CDT 2023,Sat Jul 29 10:07:23 CDT 2023,GET,https://als0184.au-csse-cpsc4970.com/sites/default/files/.ht.sqlite,404,,110,278,119
603,Sat Jul 29 10:07:23 CDT 2023,Sat Jul 29 10:07:24 CDT 2023,GET,https://als0184.au-csse-cpsc4970.com/composer.json,404,,105,234,102
604,Sat Jul 29 10:07:24 CDT 2023,Sat Jul 29 10:07:24 CDT 2023,GET,https://als0184.au-csse-cpsc4970.com/composer.lock,404,,105,278,102
605,Sat Jul 29 10:07:24 CDT 2023,Sat Jul 29 10:07:24 CDT 2023,GET,https://als0184.au-csse-cpsc4970.com/vim_settings.xml,404,,111,234,105
606,Sat Jul 29 10:07:24 CDT 2023,Sat Jul 29 10:07:24 CDT 2023,GET,https://als0184.au-csse-cpsc4970.com/server-info,404,,112,234,100
607,Sat Jul 29 10:07:24 CDT 2023,Sat Jul 29 10:07:24 CDT 2023,GET,https://als0184.au-csse-cpsc4970.com/phpinfo.php,404,,112,278,100
608,Sat Jul 29 10:07:24 CDT 2023,Sat Jul 29 10:07:24 CDT 2023,GET,https://als0184.au-csse-cpsc4970.com/info.php,404,,107,277,97
609,Sat Jul 29 10:07:24 CDT 2023,Sat Jul 29 10:07:24 CDT 2023,GET,https://als0184.au-csse-cpsc4970.com/i.php,404,,113,277,94
610,Sat Jul 29 10:07:24 CDT 2023,Sat Jul 29 10:07:24 CDT 2023,GET,https://als0184.au-csse-cpsc4970.com/test.php,404,,109,277,97
611,Sat Jul 29 10:07:24 CDT 2023,Sat Jul 29 10:07:24 CDT 2023,GET,https://als0184.au-csse-cpsc4970.com/_wpeprivate/config.json,404,,111,234,112
612,Sat Jul 29 10:07:24 CDT 2023,Sat Jul 29 10:07:25 CDT 2023,GET,https://als0184.au-csse-cpsc4970.com/_framework/blazor.boot.json,404,,106,234,116
613,Sat Jul 29 10:07:25 CDT 2023,Sat Jul 29 10:07:25 CDT 2023,GET,https://als0184.au-csse-cpsc4970.com/.hg,404,,106,277,92
614,Sat Jul 29 10:07:25 CDT 2023,Sat Jul 29 10:07:25 CDT 2023,GET,https://als0184.au-csse-cpsc4970.com/.bzr,404,,114,277,93
615,Sat Jul 29 10:07:25 CDT 2023,Sat Jul 29 10:07:25 CDT 2023,GET,https://als0184.au-csse-cpsc4970.com/._darcs,404,,106,277,96
616,Sat Jul 29 10:07:25 CDT 2023,Sat Jul 29 10:07:25 CDT 2023,GET,https://als0184.au-csse-cpsc4970.com/BitKeeper,404,,110,233,98
617,Sat Jul 29 10:07:25 CDT 2023,Sat Jul 29 10:07:25 CDT 2023,GET,https://als0184.au-csse-cpsc4970.com/login_handler?psw=ZAP&uname=ZAP,405,,106,158,111
618,Sat Jul 29 10:07:25 CDT 2023,Sat Jul 29 10:07:25 CDT 2023,GET,https://als0184.au-csse-cpsc4970.com/api,404,,109,233,92
619,Sat Jul 29 10:07:25 CDT 2023,Sat Jul 29 10:07:25 CDT 2023,GET,https://als0184.au-csse-cpsc4970.com/,200,,100,252,816
620,Sat Jul 29 10:07:25 CDT 2023,Sat Jul 29 10:07:25 CDT 2023,GET,https://als0184.au-csse-cpsc4970.com,200,,102,252,816
621,Sat Jul 29 10:07:25 CDT 2023,Sat Jul 29 10:07:25 CDT 2023,GET,https://als0184.au-csse-cpsc4970.com/api,404,,108,233,92
622,Sat Jul 29 10:07:25 CDT 2023,Sat Jul 29 10:07:25 CDT 2023,POST,https://als0184.au-csse-cpsc4970.com/login_handler,200,,132,177,829
623,Sat Jul 29 10:07:25 CDT 2023,Sat Jul 29 10:07:25 CDT 2023,GET,https://als0184.au-csse-cpsc4970.com,200,,101,252,816
624,Sat Jul 29 10:07:25 CDT 2023,Sat Jul 29 10:07:25 CDT 2023,GET,https://als0184.au-csse-cpsc4970.com/,200,,107,252,816
625,Sat Jul 29 10:07:25 CDT 2023,Sat Jul 29 10:07:25 CDT 2023,GET,https://als0184.au-csse-cpsc4970.com/api,404,,102,233,92
626,Sat Jul 29 10:07:25 CDT 2023,Sat Jul 29 10:07:25 CDT 2023,GET,https://als0184.au-csse-cpsc4970.com/api/getapi,200,,103,143,2
628,Sat Jul 29 10:07:25 CDT 2023,Sat Jul 29 10:07:25 CDT 2023,GET,https://als0184.au-csse-cpsc4970.com/style.css,200,,103,295,1026
629,Sat Jul 29 10:07:25 CDT 2023,Sat Jul 29 10:07:25 CDT 2023,GET,https://als0184.au-csse-cpsc4970.com/api/postapi,200,,106,143,2
630,Sat Jul 29 10:07:25 CDT 2023,Sat Jul 29 10:07:25 CDT 2023,GET,https://als0184.au-csse-cpsc4970.com/sitemap.xml,200,,110,301,718
631,Sat Jul 29 10:07:25 CDT 2023,Sat Jul 29 10:07:25 CDT 2023,GET,https://als0184.au-csse-cpsc4970.com/robots.txt,404,,111,233,99
633,Sat Jul 29 10:07:25 CDT 2023,Sat Jul 29 10:07:25 CDT 2023,GET,https://als0184.au-csse-cpsc4970.com/login,200,,114,177,816
634,Sat Jul 29 10:07:25 CDT 2023,Sat Jul 29 10:07:25 CDT 2023,GET,https://als0184.au-csse-cpsc4970.com/api/getapi,200,,36,143,2
635,Sat Jul 29 10:07:25 CDT 2023,Sat Jul 29 10:07:25 CDT 2023,GET,https://als0184.au-csse-cpsc4970.com/style.css,200,,38,295,1026
636,Sat Jul 29 10:07:25 CDT 2023,Sat Jul 29 10:07:25 CDT 2023,GET,https://als0184.au-csse-cpsc4970.com/api/postapi,200,,35,143,2
637,Sat Jul 29 10:07:25 CDT 2023,Sat Jul 29 10:07:25 CDT 2023,GET,https://als0184.au-csse-cpsc4970.com/sitemap.xml,200,,37,301,718
638,Sat Jul 29 10:07:25 CDT 2023,Sat Jul 29 10:07:25 CDT 2023,POST,https://als0184.au-csse-cpsc4970.com/login_handler,200,,125,177,829
639,Sat Jul 29 10:07:25 CDT 2023,Sat Jul 29 10:07:26 CDT 2023,GET,https://als0184.au-csse-cpsc4970.com/api/getapi,200,,222,143,2
640,Sat Jul 29 10:07:25 CDT 2023,Sat Jul 29 10:07:26 CDT 2023,GET,https://als0184.au-csse-cpsc4970.com/sitemap.xml,200,,212,301,718
641,Sat Jul 29 10:07:25 CDT 2023,Sat Jul 29 10:07:26 CDT 2023,GET,https://als0184.au-csse-cpsc4970.com/api/postapi,200,,221,143,2
642,Sat Jul 29 10:07:25 CDT 2023,Sat Jul 29 10:07:26 CDT 2023,GET,https://als0184.au-csse-cpsc4970.com/style.css,200,,222,295,1026
643,Sat Jul 29 10:07:25 CDT 2023,Sat Jul 29 10:07:26 CDT 2023,GET,https://als0184.au-csse-cpsc4970.com/,200,,268,252,816
644,Sat Jul 29 10:07:25 CDT 2023,Sat Jul 29 10:07:26 CDT 2023,GET,https://als0184.au-csse-cpsc4970.com,200,,271,252,816
645,Sat Jul 29 10:07:25 CDT 2023,Sat Jul 29 10:07:26 CDT 2023,GET,https://als0184.au-csse-cpsc4970.com/api,404,,261,233,92
647,Sat Jul 29 10:07:25 CDT 2023,Sat Jul 29 10:07:26 CDT 2023,GET,https://als0184.au-csse-cpsc4970.com/robots.txt,404,,274,233,99
649,Sat Jul 29 10:07:26 CDT 2023,Sat Jul 29 10:07:26 CDT 2023,GET,https://als0184.au-csse-cpsc4970.com/sitemap.xml,200,,37,301,718
650,Sat Jul 29 10:07:26 CDT 2023,Sat Jul 29 10:07:26 CDT 2023,GET,https://als0184.au-csse-cpsc4970.com/api/getapi,200,,37,143,2
651,Sat Jul 29 10:07:26 CDT 2023,Sat Jul 29 10:07:26 CDT 2023,GET,https://als0184.au-csse-cpsc4970.com/api/postapi,200,,36,143,2
652,Sat Jul 29 10:07:25 CDT 2023,Sat Jul 29 10:07:26 CDT 2023,GET,https://als0184.au-csse-cpsc4970.com/login,200,,285,177,816
653,Sat Jul 29 10:07:26 CDT 2023,Sat Jul 29 10:07:26 CDT 2023,GET,https://als0184.au-csse-cpsc4970.com/style.css,200,,36,295,1026
654,Sat Jul 29 10:07:26 CDT 2023,Sat Jul 29 10:07:26 CDT 2023,GET,https://als0184.au-csse-cpsc4970.com/api/getapi,200,,37,143,2
655,Sat Jul 29 10:07:26 CDT 2023,Sat Jul 29 10:07:26 CDT 2023,GET,https://als0184.au-csse-cpsc4970.com/style.css,200,,40,295,1026
656,Sat Jul 29 10:07:26 CDT 2023,Sat Jul 29 10:07:26 CDT 2023,GET,https://als0184.au-csse-cpsc4970.com/login,200,,42,177,816
657,Sat Jul 29 10:07:26 CDT 2023,Sat Jul 29 10:07:26 CDT 2023,GET,https://als0184.au-csse-cpsc4970.com/sitemap.xml,200,,43,301,718
658,Sat Jul 29 10:07:25 CDT 2023,Sat Jul 29 10:07:26 CDT 2023,POST,https://als0184.au-csse-cpsc4970.com/login_handler,200,,318,172,829
659,Sat Jul 29 10:07:26 CDT 2023,Sat Jul 29 10:07:26 CDT 2023,GET,https://als0184.au-csse-cpsc4970.com/api/getapi,200,,37,143,2
660,Sat Jul 29 10:07:26 CDT 2023,Sat Jul 29 10:07:26 CDT 2023,GET,https://als0184.au-csse-cpsc4970.com/,200,,106,252,816
661,Sat Jul 29 10:07:26 CDT 2023,Sat Jul 29 10:07:26 CDT 2023,GET,https://als0184.au-csse-cpsc4970.com/api,404,,109,233,92
662,Sat Jul 29 10:07:26 CDT 2023,Sat Jul 29 10:07:26 CDT 2023,GET,https://als0184.au-csse-cpsc4970.com/login,200,,39,177,816
664,Sat Jul 29 10:07:26 CDT 2023,Sat Jul 29 10:07:26 CDT 2023,GET,https://als0184.au-csse-cpsc4970.com/style.css,200,,42,295,1026
665,Sat Jul 29 10:07:26 CDT 2023,Sat Jul 29 10:07:26 CDT 2023,GET,https://als0184.au-csse-cpsc4970.com,200,,118,252,816
666,Sat Jul 29 10:07:26 CDT 2023,Sat Jul 29 10:07:26 CDT 2023,GET,https://als0184.au-csse-cpsc4970.com/api/postapi,200,,104,143,2
667,Sat Jul 29 10:07:26 CDT 2023,Sat Jul 29 10:07:26 CDT 2023,GET,https://als0184.au-csse-cpsc4970.com/api/getapi,200,,35,143,2
668,Sat Jul 29 10:07:26 CDT 2023,Sat Jul 29 10:07:26 CDT 2023,GET,https://als0184.au-csse-cpsc4970.com/robots.txt,404,,117,233,99
670,Sat Jul 29 10:07:26 CDT 2023,Sat Jul 29 10:07:26 CDT 2023,GET,https://als0184.au-csse-cpsc4970.com/style.css,200,,40,295,1026
671,Sat Jul 29 10:07:26 CDT 2023,Sat Jul 29 10:07:26 CDT 2023,GET,https://als0184.au-csse-cpsc4970.com/api/postapi,200,,35,143,2
672,Sat Jul 29 10:07:26 CDT 2023,Sat Jul 29 10:07:26 CDT 2023,GET,https://als0184.au-csse-cpsc4970.com/api/getapi,200,,34,143,2
673,Sat Jul 29 10:07:26 CDT 2023,Sat Jul 29 10:07:26 CDT 2023,GET,https://als0184.au-csse-cpsc4970.com/sitemap.xml,200,,107,301,718
674,Sat Jul 29 10:07:26 CDT 2023,Sat Jul 29 10:07:26 CDT 2023,GET,https://als0184.au-csse-cpsc4970.com/style.css,200,,37,295,1026
675,Sat Jul 29 10:07:26 CDT 2023,Sat Jul 29 10:07:26 CDT 2023,GET,https://als0184.au-csse-cpsc4970.com/api/postapi,200,,34,143,2
676,Sat Jul 29 10:07:26 CDT 2023,Sat Jul 29 10:07:26 CDT 2023,GET,https://als0184.au-csse-cpsc4970.com/,200,,104,252,816
677,Sat Jul 29 10:07:26 CDT 2023,Sat Jul 29 10:07:26 CDT 2023,GET,https://als0184.au-csse-cpsc4970.com/api/getapi,200,,37,143,2
678,Sat Jul 29 10:07:26 CDT 2023,Sat Jul 29 10:07:26 CDT 2023,POST,https://als0184.au-csse-cpsc4970.com/login_handler,200,,115,177,829
679,Sat Jul 29 10:07:26 CDT 2023,Sat Jul 29 10:07:26 CDT 2023,GET,https://als0184.au-csse-cpsc4970.com/login,200,,103,177,816
680,Sat Jul 29 10:07:26 CDT 2023,Sat Jul 29 10:07:26 CDT 2023,GET,https://als0184.au-csse-cpsc4970.com/sitemap.xml,200,,38,301,718
681,Sat Jul 29 10:07:26 CDT 2023,Sat Jul 29 10:07:26 CDT 2023,GET,https://als0184.au-csse-cpsc4970.com,200,,109,252,816
682,Sat Jul 29 10:07:26 CDT 2023,Sat Jul 29 10:07:26 CDT 2023,GET,https://als0184.au-csse-cpsc4970.com/api,404,,108,233,92
684,Sat Jul 29 10:07:26 CDT 2023,Sat Jul 29 10:07:26 CDT 2023,GET,https://als0184.au-csse-cpsc4970.com/style.css,200,,39,295,1026
685,Sat Jul 29 10:07:26 CDT 2023,Sat Jul 29 10:07:26 CDT 2023,GET,https://als0184.au-csse-cpsc4970.com/api/postapi,200,,40,143,2
686,Sat Jul 29 10:07:26 CDT 2023,Sat Jul 29 10:07:26 CDT 2023,GET,https://als0184.au-csse-cpsc4970.com/api/getapi,200,,37,143,2
687,Sat Jul 29 10:07:26 CDT 2023,Sat Jul 29 10:07:26 CDT 2023,GET,https://als0184.au-csse-cpsc4970.com/robots.txt,404,,101,233,99
689,Sat Jul 29 10:07:26 CDT 2023,Sat Jul 29 10:07:26 CDT 2023,GET,https://als0184.au-csse-cpsc4970.com/sitemap.xml,200,,42,301,718
690,Sat Jul 29 10:07:26 CDT 2023,Sat Jul 29 10:07:26 CDT 2023,GET,https://als0184.au-csse-cpsc4970.com/style.css,200,,38,295,1026
691,Sat Jul 29 10:07:26 CDT 2023,Sat Jul 29 10:07:26 CDT 2023,GET,https://als0184.au-csse-cpsc4970.com/api/postapi,200,,36,143,2
692,Sat Jul 29 10:07:26 CDT 2023,Sat Jul 29 10:07:26 CDT 2023,GET,https://als0184.au-csse-cpsc4970.com/api/getapi,200,,33,143,2
693,Sat Jul 29 10:07:26 CDT 2023,Sat Jul 29 10:07:26 CDT 2023,GET,https://als0184.au-csse-cpsc4970.com/sitemap.xml,200,,35,301,718
694,Sat Jul 29 10:07:26 CDT 2023,Sat Jul 29 10:07:26 CDT 2023,GET,https://als0184.au-csse-cpsc4970.com/style.css,200,,36,295,1026
695,Sat Jul 29 10:07:26 CDT 2023,Sat Jul 29 10:07:26 CDT 2023,GET,https://als0184.au-csse-cpsc4970.com/api/getapi,200,,37,143,2
696,Sat Jul 29 10:07:26 CDT 2023,Sat Jul 29 10:07:26 CDT 2023,GET,https://als0184.au-csse-cpsc4970.com/,200,,110,252,816
697,Sat Jul 29 10:07:26 CDT 2023,Sat Jul 29 10:07:26 CDT 2023,GET,https://als0184.au-csse-cpsc4970.com/api/postapi,200,,37,143,2
698,Sat Jul 29 10:07:26 CDT 2023,Sat Jul 29 10:07:26 CDT 2023,GET,https://als0184.au-csse-cpsc4970.com/login,200,,109,177,816
699,Sat Jul 29 10:07:26 CDT 2023,Sat Jul 29 10:07:26 CDT 2023,GET,https://als0184.au-csse-cpsc4970.com,200,,102,252,816
700,Sat Jul 29 10:07:26 CDT 2023,Sat Jul 29 10:07:26 CDT 2023,GET,https://als0184.au-csse-cpsc4970.com/sitemap.xml,200,,36,301,718
701,Sat Jul 29 10:07:26 CDT 2023,Sat Jul 29 10:07:26 CDT 2023,POST,https://als0184.au-csse-cpsc4970.com/login_handler,200,,126,177,829
702,Sat Jul 29 10:07:26 CDT 2023,Sat Jul 29 10:07:26 CDT 2023,GET,https://als0184.au-csse-cpsc4970.com/style.css,200,,42,295,1026
703,Sat Jul 29 10:07:26 CDT 2023,Sat Jul 29 10:07:26 CDT 2023,GET,https://als0184.au-csse-cpsc4970.com/api,404,,118,233,92
705,Sat Jul 29 10:07:26 CDT 2023,Sat Jul 29 10:07:26 CDT 2023,GET,https://als0184.au-csse-cpsc4970.com/api/postapi,200,,35,143,2
706,Sat Jul 29 10:07:26 CDT 2023,Sat Jul 29 10:07:26 CDT 2023,GET,https://als0184.au-csse-cpsc4970.com/,200,,35,252,816
707,Sat Jul 29 10:07:26 CDT 2023,Sat Jul 29 10:07:26 CDT 2023,GET,https://als0184.au-csse-cpsc4970.com/robots.txt,404,,104,233,99
709,Sat Jul 29 10:07:26 CDT 2023,Sat Jul 29 10:07:26 CDT 2023,GET,https://als0184.au-csse-cpsc4970.com/sitemap.xml,200,,35,301,718
710,Sat Jul 29 10:07:26 CDT 2023,Sat Jul 29 10:07:26 CDT 2023,GET,https://als0184.au-csse-cpsc4970.com/,200,,40,252,816
711,Sat Jul 29 10:07:26 CDT 2023,Sat Jul 29 10:07:26 CDT 2023,GET,https://als0184.au-csse-cpsc4970.com/api/postapi,200,,40,143,2
712,Sat Jul 29 10:07:26 CDT 2023,Sat Jul 29 10:07:26 CDT 2023,GET,https://als0184.au-csse-cpsc4970.com/sitemap.xml,200,,35,301,718
713,Sat Jul 29 10:07:26 CDT 2023,Sat Jul 29 10:07:26 CDT 2023,GET,https://als0184.au-csse-cpsc4970.com,200,,105,252,816
714,Sat Jul 29 10:07:26 CDT 2023,Sat Jul 29 10:07:26 CDT 2023,GET,https://als0184.au-csse-cpsc4970.com/,200,,36,252,816
715,Sat Jul 29 10:07:26 CDT 2023,Sat Jul 29 10:07:26 CDT 2023,POST,https://als0184.au-csse-cpsc4970.com/login_handler,200,,117,177,829
716,Sat Jul 29 10:07:26 CDT 2023,Sat Jul 29 10:07:26 CDT 2023,GET,https://als0184.au-csse-cpsc4970.com/,200,,38,252,816
717,Sat Jul 29 10:07:26 CDT 2023,Sat Jul 29 10:07:26 CDT 2023,GET,https://als0184.au-csse-cpsc4970.com/api,404,,114,233,92
719,Sat Jul 29 10:07:26 CDT 2023,Sat Jul 29 10:07:26 CDT 2023,GET,https://als0184.au-csse-cpsc4970.com/robots.txt,404,,107,233,99
721,Sat Jul 29 10:07:26 CDT 2023,Sat Jul 29 10:07:26 CDT 2023,GET,https://als0184.au-csse-cpsc4970.com,200,,113,252,816
722,Sat Jul 29 10:07:26 CDT 2023,Sat Jul 29 10:07:26 CDT 2023,GET,https://als0184.au-csse-cpsc4970.com/api,404,,98,233,92
724,Sat Jul 29 10:07:26 CDT 2023,Sat Jul 29 10:07:26 CDT 2023,GET,https://als0184.au-csse-cpsc4970.com/,200,,107,252,816
725,Sat Jul 29 10:07:26 CDT 2023,Sat Jul 29 10:07:26 CDT 2023,POST,https://als0184.au-csse-cpsc4970.com/login_handler,200,,126,177,829
726,Sat Jul 29 10:07:26 CDT 2023,Sat Jul 29 10:07:26 CDT 2023,GET,https://als0184.au-csse-cpsc4970.com/robots.txt,404,,104,233,99
728,Sat Jul 29 10:07:26 CDT 2023,Sat Jul 29 10:07:26 CDT 2023,GET,https://als0184.au-csse-cpsc4970.com,200,,103,252,816
729,Sat Jul 29 10:07:26 CDT 2023,Sat Jul 29 10:07:26 CDT 2023,GET,https://als0184.au-csse-cpsc4970.com/,200,,100,252,816
730,Sat Jul 29 10:07:26 CDT 2023,Sat Jul 29 10:07:26 CDT 2023,GET,https://als0184.au-csse-cpsc4970.com/api,404,,103,233,92
732,Sat Jul 29 10:07:26 CDT 2023,Sat Jul 29 10:07:26 CDT 2023,POST,https://als0184.au-csse-cpsc4970.com/login_handler,200,,119,177,829
733,Sat Jul 29 10:07:26 CDT 2023,Sat Jul 29 10:07:26 CDT 2023,GET,https://als0184.au-csse-cpsc4970.com/robots.txt,404,,128,233,99
735,Sat Jul 29 10:07:26 CDT 2023,Sat Jul 29 10:07:26 CDT 2023,GET,https://als0184.au-csse-cpsc4970.com,200,,100,252,816
736,Sat Jul 29 10:07:26 CDT 2023,Sat Jul 29 10:07:26 CDT 2023,GET,https://als0184.au-csse-cpsc4970.com/api,404,,107,233,92
738,Sat Jul 29 10:07:26 CDT 2023,Sat Jul 29 10:07:26 CDT 2023,POST,https://als0184.au-csse-cpsc4970.com/login_handler,200,,114,177,829
739,Sat Jul 29 10:07:26 CDT 2023,Sat Jul 29 10:07:26 CDT 2023,GET,https://als0184.au-csse-cpsc4970.com/robots.txt,404,,102,233,99
741,Sat Jul 29 10:07:26 CDT 2023,Sat Jul 29 10:07:26 CDT 2023,GET,https://als0184.au-csse-cpsc4970.com,200,,103,252,816
742,Sat Jul 29 10:07:26 CDT 2023,Sat Jul 29 10:07:26 CDT 2023,GET,https://als0184.au-csse-cpsc4970.com/api,404,,109,233,92
744,Sat Jul 29 10:07:26 CDT 2023,Sat Jul 29 10:07:26 CDT 2023,GET,https://als0184.au-csse-cpsc4970.com/robots.txt,404,,108,233,99
746,Sat Jul 29 10:07:26 CDT 2023,Sat Jul 29 10:07:26 CDT 2023,POST,https://als0184.au-csse-cpsc4970.com/login_handler,200,,130,177,829
747,Sat Jul 29 10:07:26 CDT 2023,Sat Jul 29 10:07:26 CDT 2023,GET,https://als0184.au-csse-cpsc4970.com,200,,102,252,816
748,Sat Jul 29 10:07:26 CDT 2023,Sat Jul 29 10:07:27 CDT 2023,GET,https://als0184.au-csse-cpsc4970.com/api,404,,100,233,92
750,Sat Jul 29 10:07:26 CDT 2023,Sat Jul 29 10:07:27 CDT 2023,GET,https://als0184.au-csse-cpsc4970.com/robots.txt,404,,106,233,99
752,Sat Jul 29 10:07:26 CDT 2023,Sat Jul 29 10:07:27 CDT 2023,POST,https://als0184.au-csse-cpsc4970.com/login_handler,200,,124,177,829
753,Sat Jul 29 10:07:27 CDT 2023,Sat Jul 29 10:07:27 CDT 2023,GET,https://als0184.au-csse-cpsc4970.com/api,404,,105,233,92
755,Sat Jul 29 10:07:27 CDT 2023,Sat Jul 29 10:07:27 CDT 2023,GET,https://als0184.au-csse-cpsc4970.com/robots.txt,404,,98,233,99
757,Sat Jul 29 10:07:27 CDT 2023,Sat Jul 29 10:07:27 CDT 2023,POST,https://als0184.au-csse-cpsc4970.com/login_handler,200,,125,177,829
758,Sat Jul 29 10:07:26 CDT 2023,Sat Jul 29 10:07:27 CDT 2023,GET,https://als0184.au-csse-cpsc4970.com/login,200,,1108,177,816
759,Sat Jul 29 10:07:27 CDT 2023,Sat Jul 29 10:07:27 CDT 2023,GET,https://als0184.au-csse-cpsc4970.com/login,200,,107,177,816
760,Sat Jul 29 10:07:27 CDT 2023,Sat Jul 29 10:07:27 CDT 2023,GET,https://als0184.au-csse-cpsc4970.com/login,200,,106,177,816
761,Sat Jul 29 10:07:27 CDT 2023,Sat Jul 29 10:07:27 CDT 2023,GET,https://als0184.au-csse-cpsc4970.com/login,200,,158,177,816
762,Sat Jul 29 10:07:27 CDT 2023,Sat Jul 29 10:07:27 CDT 2023,GET,https://als0184.au-csse-cpsc4970.com/login,200,,108,177,816
763,Sat Jul 29 10:07:27 CDT 2023,Sat Jul 29 10:07:28 CDT 2023,GET,https://als0184.au-csse-cpsc4970.com/login,200,,102,177,816
764,Sat Jul 29 10:07:28 CDT 2023,Sat Jul 29 10:07:28 CDT 2023,GET,https://als0184.au-csse-cpsc4970.com/api,404,,108,233,92
765,Sat Jul 29 10:07:28 CDT 2023,Sat Jul 29 10:07:28 CDT 2023,GET,https://als0184.au-csse-cpsc4970.com/api,404,,108,233,92
